etf_code,etf_name,公告日期,证券代码,证券简称,股票数量_股,现金替代标志,现金替代标志_原始,申购现金替代溢价比率,赎回现金替代折价比率,替代金额_元,挂牌市场,挂牌市场_代码
510050,上证50交易型开放式指数证券投资基金,2026-06-17,600028,中国石化,4200,允许,1,34%,0%,-,上海证券交易所,101
510050,上证50交易型开放式指数证券投资基金,2026-06-17,600030,中信证券,2700,允许,1,34%,0%,-,上海证券交易所,101
510050,上证50交易型开放式指数证券投资基金,2026-06-17,600031,三一重工,1700,允许,1,34%,0%,-,上海证券交易所,101
510050,上证50交易型开放式指数证券投资基金,2026-06-17,600036,招商银行,3500,允许,1,34%,0%,-,上海证券交易所,101
510050,上证50交易型开放式指数证券投资基金,2026-06-17,600050,中国联通,4400,允许,1,34%,0%,-,上海证券交易所,101
510050,上证50交易型开放式指数证券投资基金,2026-06-17,600089,特变电工,1400,允许,1,34%,0%,-,上海证券交易所,101
510050,上证50交易型开放式指数证券投资基金,2026-06-17,600111,北方稀土,700,允许,1,34%,0%,-,上海证券交易所,101
510050,上证50交易型开放式指数证券投资基金,2026-06-17,600150,中国船舶,1300,允许,1,34%,0%,-,上海证券交易所,101
510050,上证50交易型开放式指数证券投资基金,2026-06-17,600183,生益科技,400,允许,1,34%,0%,-,上海证券交易所,101
510050,上证50交易型开放式指数证券投资基金,2026-06-17,600276,恒瑞医药,1200,允许,1,34%,0%,-,上海证券交易所,101
510050,上证50交易型开放式指数证券投资基金,2026-06-17,600309,万华化学,500,允许,1,34%,0%,-,上海证券交易所,101
510050,上证50交易型开放式指数证券投资基金,2026-06-17,600406,国电南瑞,1100,允许,1,34%,0%,-,上海证券交易所,101
510050,上证50交易型开放式指数证券投资基金,2026-06-17,600519,贵州茅台,200,允许,1,34%,0%,-,上海证券交易所,101
510050,上证50交易型开放式指数证券投资基金,2026-06-17,600760,中航沈飞,300,允许,1,34%,0%,-,上海证券交易所,101
510050,上证50交易型开放式指数证券投资基金,2026-06-17,600809,山西汾酒,100,允许,1,34%,0%,-,上海证券交易所,101
510050,上证50交易型开放式指数证券投资基金,2026-06-17,600887,伊利股份,1800,允许,1,34%,0%,-,上海证券交易所,101
510050,上证50交易型开放式指数证券投资基金,2026-06-17,600900,长江电力,3400,允许,1,34%,0%,-,上海证券交易所,101
510050,上证50交易型开放式指数证券投资基金,2026-06-17,600930,华电新能,900,允许,1,34%,0%,-,上海证券交易所,101
510050,上证50交易型开放式指数证券投资基金,2026-06-17,601012,隆基绿能,1700,允许,1,34%,0%,-,上海证券交易所,101
510050,上证50交易型开放式指数证券投资基金,2026-06-17,601088,中国神华,800,允许,1,34%,0%,-,上海证券交易所,101
510050,上证50交易型开放式指数证券投资基金,2026-06-17,601127,赛力斯,200,允许,1,34%,0%,-,上海证券交易所,101
510050,上证50交易型开放式指数证券投资基金,2026-06-17,601166,兴业银行,4700,允许,1,34%,0%,-,上海证券交易所,101
510050,上证50交易型开放式指数证券投资基金,2026-06-17,601211,国泰海通,3200,允许,1,34%,0%,-,上海证券交易所,101
510050,上证50交易型开放式指数证券投资基金,2026-06-17,601288,农业银行,8000,允许,1,34%,0%,-,上海证券交易所,101
510050,上证50交易型开放式指数证券投资基金,2026-06-17,601318,中国平安,3000,允许,1,34%,0%,-,上海证券交易所,101
510050,上证50交易型开放式指数证券投资基金,2026-06-17,601328,交通银行,7400,允许,1,34%,0%,-,上海证券交易所,101
510050,上证50交易型开放式指数证券投资基金,2026-06-17,601398,工商银行,9000,允许,1,34%,0%,-,上海证券交易所,101
510050,上证50交易型开放式指数证券投资基金,2026-06-17,601600,中国铝业,2200,允许,1,34%,0%,-,上海证券交易所,101
510050,上证50交易型开放式指数证券投资基金,2026-06-17,601601,中国太保,1000,允许,1,34%,0%,-,上海证券交易所,101
510050,上证50交易型开放式指数证券投资基金,2026-06-17,601628,中国人寿,500,允许,1,34%,0%,-,上海证券交易所,101
510050,上证50交易型开放式指数证券投资基金,2026-06-17,601658,邮储银行,3100,允许,1,34%,0%,-,上海证券交易所,101
510050,上证50交易型开放式指数证券投资基金,2026-06-17,601668,中国建筑,5800,允许,1,34%,0%,-,上海证券交易所,101
510050,上证50交易型开放式指数证券投资基金,2026-06-17,601688,华泰证券,1600,允许,1,34%,0%,-,上海证券交易所,101
510050,上证50交易型开放式指数证券投资基金,2026-06-17,601728,中国电信,4300,允许,1,34%,0%,-,上海证券交易所,101
510050,上证50交易型开放式指数证券投资基金,2026-06-17,601857,中国石油,3600,允许,1,34%,0%,-,上海证券交易所,101
510050,上证50交易型开放式指数证券投资基金,2026-06-17,601888,中国中免,300,允许,1,34%,0%,-,上海证券交易所,101
510050,上证50交易型开放式指数证券投资基金,2026-06-17,601899,紫金矿业,4600,允许,1,34%,0%,-,上海证券交易所,101
510050,上证50交易型开放式指数证券投资基金,2026-06-17,601919,中远海控,1800,允许,1,34%,0%,-,上海证券交易所,101
510050,上证50交易型开放式指数证券投资基金,2026-06-17,601988,中国银行,4000,允许,1,34%,0%,-,上海证券交易所,101
510050,上证50交易型开放式指数证券投资基金,2026-06-17,603019,中科曙光,400,允许,1,34%,0%,-,上海证券交易所,101
510050,上证50交易型开放式指数证券投资基金,2026-06-17,603259,药明康德,700,允许,1,34%,0%,-,上海证券交易所,101
510050,上证50交易型开放式指数证券投资基金,2026-06-17,603501,豪威集团,200,允许,1,34%,0%,-,上海证券交易所,101
510050,上证50交易型开放式指数证券投资基金,2026-06-17,603986,兆易创新,200,允许,1,34%,0%,-,上海证券交易所,101
510050,上证50交易型开放式指数证券投资基金,2026-06-17,603993,洛阳钼业,2400,允许,1,34%,0%,-,上海证券交易所,101
510050,上证50交易型开放式指数证券投资基金,2026-06-17,688008,澜起科技,300,允许,1,73%,0%,-,上海证券交易所,101
510050,上证50交易型开放式指数证券投资基金,2026-06-17,688012,中微公司,200,允许,1,73%,0%,-,上海证券交易所,101
510050,上证50交易型开放式指数证券投资基金,2026-06-17,688041,海光信息,300,允许,1,73%,0%,-,上海证券交易所,101
510050,上证50交易型开放式指数证券投资基金,2026-06-17,688111,金山办公,100,允许,1,73%,0%,-,上海证券交易所,101
510050,上证50交易型开放式指数证券投资基金,2026-06-17,688256,寒武纪,100,允许,1,73%,0%,-,上海证券交易所,101
510050,上证50交易型开放式指数证券投资基金,2026-06-17,688981,中芯国际,600,允许,1,73%,0%,-,上海证券交易所,101
510100,易方达上证50交易型开放式指数证券投资基金,2026-06-17,600028,中国石化,4000,允许,1,34%,0%,-,上海证券交易所,101
510100,易方达上证50交易型开放式指数证券投资基金,2026-06-17,600030,中信证券,2700,允许,1,34%,0%,-,上海证券交易所,101
510100,易方达上证50交易型开放式指数证券投资基金,2026-06-17,600031,三一重工,1600,允许,1,34%,0%,-,上海证券交易所,101
510100,易方达上证50交易型开放式指数证券投资基金,2026-06-17,600036,招商银行,3400,允许,1,34%,0%,-,上海证券交易所,101
510100,易方达上证50交易型开放式指数证券投资基金,2026-06-17,600050,中国联通,4300,允许,1,34%,0%,-,上海证券交易所,101
510100,易方达上证50交易型开放式指数证券投资基金,2026-06-17,600089,特变电工,1400,允许,1,34%,0%,-,上海证券交易所,101
510100,易方达上证50交易型开放式指数证券投资基金,2026-06-17,600111,北方稀土,700,允许,1,34%,0%,-,上海证券交易所,101
510100,易方达上证50交易型开放式指数证券投资基金,2026-06-17,600150,中国船舶,1200,允许,1,34%,0%,-,上海证券交易所,101
510100,易方达上证50交易型开放式指数证券投资基金,2026-06-17,600183,生益科技,400,允许,1,34%,0%,-,上海证券交易所,101
510100,易方达上证50交易型开放式指数证券投资基金,2026-06-17,600276,恒瑞医药,1200,允许,1,34%,0%,-,上海证券交易所,101
510100,易方达上证50交易型开放式指数证券投资基金,2026-06-17,600309,万华化学,500,允许,1,34%,0%,-,上海证券交易所,101
510100,易方达上证50交易型开放式指数证券投资基金,2026-06-17,600406,国电南瑞,1100,允许,1,34%,0%,-,上海证券交易所,101
510100,易方达上证50交易型开放式指数证券投资基金,2026-06-17,600519,贵州茅台,200,允许,1,34%,0%,-,上海证券交易所,101
510100,易方达上证50交易型开放式指数证券投资基金,2026-06-17,600760,中航沈飞,300,允许,1,34%,0%,-,上海证券交易所,101
510100,易方达上证50交易型开放式指数证券投资基金,2026-06-17,600809,山西汾酒,100,允许,1,34%,0%,-,上海证券交易所,101
510100,易方达上证50交易型开放式指数证券投资基金,2026-06-17,600887,伊利股份,1700,允许,1,34%,0%,-,上海证券交易所,101
510100,易方达上证50交易型开放式指数证券投资基金,2026-06-17,600900,长江电力,3400,允许,1,34%,0%,-,上海证券交易所,101
510100,易方达上证50交易型开放式指数证券投资基金,2026-06-17,600930,华电新能,900,允许,1,34%,0%,-,上海证券交易所,101
510100,易方达上证50交易型开放式指数证券投资基金,2026-06-17,601012,隆基绿能,1700,允许,1,34%,0%,-,上海证券交易所,101
510100,易方达上证50交易型开放式指数证券投资基金,2026-06-17,601088,中国神华,800,允许,1,34%,0%,-,上海证券交易所,101
510100,易方达上证50交易型开放式指数证券投资基金,2026-06-17,601127,赛力斯,200,允许,1,34%,0%,-,上海证券交易所,101
510100,易方达上证50交易型开放式指数证券投资基金,2026-06-17,601166,兴业银行,4700,允许,1,34%,0%,-,上海证券交易所,101
510100,易方达上证50交易型开放式指数证券投资基金,2026-06-17,601211,国泰海通,3100,允许,1,34%,0%,-,上海证券交易所,101
510100,易方达上证50交易型开放式指数证券投资基金,2026-06-17,601288,农业银行,7900,允许,1,34%,0%,-,上海证券交易所,101
510100,易方达上证50交易型开放式指数证券投资基金,2026-06-17,601318,中国平安,2900,允许,1,34%,0%,-,上海证券交易所,101
510100,易方达上证50交易型开放式指数证券投资基金,2026-06-17,601328,交通银行,7300,允许,1,34%,0%,-,上海证券交易所,101
510100,易方达上证50交易型开放式指数证券投资基金,2026-06-17,601398,工商银行,8900,允许,1,34%,0%,-,上海证券交易所,101
510100,易方达上证50交易型开放式指数证券投资基金,2026-06-17,601600,中国铝业,2200,允许,1,34%,0%,-,上海证券交易所,101
510100,易方达上证50交易型开放式指数证券投资基金,2026-06-17,601601,中国太保,900,允许,1,34%,0%,-,上海证券交易所,101
510100,易方达上证50交易型开放式指数证券投资基金,2026-06-17,601628,中国人寿,500,允许,1,34%,0%,-,上海证券交易所,101
510100,易方达上证50交易型开放式指数证券投资基金,2026-06-17,601658,邮储银行,3000,允许,1,34%,0%,-,上海证券交易所,101
510100,易方达上证50交易型开放式指数证券投资基金,2026-06-17,601668,中国建筑,5700,允许,1,34%,0%,-,上海证券交易所,101
510100,易方达上证50交易型开放式指数证券投资基金,2026-06-17,601688,华泰证券,1600,允许,1,34%,0%,-,上海证券交易所,101
510100,易方达上证50交易型开放式指数证券投资基金,2026-06-17,601728,中国电信,4300,允许,1,34%,0%,-,上海证券交易所,101
510100,易方达上证50交易型开放式指数证券投资基金,2026-06-17,601857,中国石油,3600,允许,1,34%,0%,-,上海证券交易所,101
510100,易方达上证50交易型开放式指数证券投资基金,2026-06-17,601888,中国中免,300,允许,1,34%,0%,-,上海证券交易所,101
510100,易方达上证50交易型开放式指数证券投资基金,2026-06-17,601899,紫金矿业,4500,允许,1,34%,0%,-,上海证券交易所,101
510100,易方达上证50交易型开放式指数证券投资基金,2026-06-17,601919,中远海控,1700,允许,1,34%,0%,-,上海证券交易所,101
510100,易方达上证50交易型开放式指数证券投资基金,2026-06-17,601988,中国银行,3900,允许,1,34%,0%,-,上海证券交易所,101
510100,易方达上证50交易型开放式指数证券投资基金,2026-06-17,603019,中科曙光,400,允许,1,34%,0%,-,上海证券交易所,101
510100,易方达上证50交易型开放式指数证券投资基金,2026-06-17,603259,药明康德,700,允许,1,34%,0%,-,上海证券交易所,101
510100,易方达上证50交易型开放式指数证券投资基金,2026-06-17,603501,豪威集团,200,允许,1,34%,0%,-,上海证券交易所,101
510100,易方达上证50交易型开放式指数证券投资基金,2026-06-17,603986,兆易创新,200,允许,1,34%,0%,-,上海证券交易所,101
510100,易方达上证50交易型开放式指数证券投资基金,2026-06-17,603993,洛阳钼业,2400,允许,1,34%,0%,-,上海证券交易所,101
510100,易方达上证50交易型开放式指数证券投资基金,2026-06-17,688008,澜起科技,300,允许,1,73%,0%,-,上海证券交易所,101
510100,易方达上证50交易型开放式指数证券投资基金,2026-06-17,688012,中微公司,200,允许,1,73%,0%,-,上海证券交易所,101
510100,易方达上证50交易型开放式指数证券投资基金,2026-06-17,688041,海光信息,300,允许,1,73%,0%,-,上海证券交易所,101
510100,易方达上证50交易型开放式指数证券投资基金,2026-06-17,688111,金山办公,0,必须,2,-,-,            0.000,上海证券交易所,101
510100,易方达上证50交易型开放式指数证券投资基金,2026-06-17,688256,寒武纪,100,允许,1,73%,0%,-,上海证券交易所,101
510100,易方达上证50交易型开放式指数证券投资基金,2026-06-17,688981,中芯国际,600,允许,1,73%,0%,-,上海证券交易所,101
510190,华安上证50交易型开放式指数证券投资基金,2026-06-17,600028,中国石化,3300,允许,1,34%,0%,-,上海证券交易所,101
510190,华安上证50交易型开放式指数证券投资基金,2026-06-17,600030,中信证券,2200,允许,1,34%,0%,-,上海证券交易所,101
510190,华安上证50交易型开放式指数证券投资基金,2026-06-17,600031,三一重工,1300,允许,1,34%,0%,-,上海证券交易所,101
510190,华安上证50交易型开放式指数证券投资基金,2026-06-17,600036,招商银行,2800,允许,1,34%,0%,-,上海证券交易所,101
510190,华安上证50交易型开放式指数证券投资基金,2026-06-17,600050,中国联通,3600,允许,1,34%,0%,-,上海证券交易所,101
510190,华安上证50交易型开放式指数证券投资基金,2026-06-17,600089,特变电工,1100,允许,1,34%,0%,-,上海证券交易所,101
510190,华安上证50交易型开放式指数证券投资基金,2026-06-17,600111,北方稀土,600,允许,1,34%,0%,-,上海证券交易所,101
510190,华安上证50交易型开放式指数证券投资基金,2026-06-17,600150,中国船舶,1000,允许,1,34%,0%,-,上海证券交易所,101
510190,华安上证50交易型开放式指数证券投资基金,2026-06-17,600183,生益科技,300,允许,1,34%,0%,-,上海证券交易所,101
510190,华安上证50交易型开放式指数证券投资基金,2026-06-17,600276,恒瑞医药,1000,允许,1,34%,0%,-,上海证券交易所,101
510190,华安上证50交易型开放式指数证券投资基金,2026-06-17,600309,万华化学,400,允许,1,34%,0%,-,上海证券交易所,101
510190,华安上证50交易型开放式指数证券投资基金,2026-06-17,600406,国电南瑞,900,允许,1,34%,0%,-,上海证券交易所,101
510190,华安上证50交易型开放式指数证券投资基金,2026-06-17,600519,贵州茅台,100,允许,1,34%,0%,-,上海证券交易所,101
510190,华安上证50交易型开放式指数证券投资基金,2026-06-17,600760,中航沈飞,300,允许,1,34%,0%,-,上海证券交易所,101
510190,华安上证50交易型开放式指数证券投资基金,2026-06-17,600809,山西汾酒,100,允许,1,34%,0%,-,上海证券交易所,101
510190,华安上证50交易型开放式指数证券投资基金,2026-06-17,600887,伊利股份,1400,允许,1,34%,0%,-,上海证券交易所,101
510190,华安上证50交易型开放式指数证券投资基金,2026-06-17,600900,长江电力,2800,允许,1,34%,0%,-,上海证券交易所,101
510190,华安上证50交易型开放式指数证券投资基金,2026-06-17,600930,华电新能,800,允许,1,34%,0%,-,上海证券交易所,101
510190,华安上证50交易型开放式指数证券投资基金,2026-06-17,601012,隆基绿能,1400,允许,1,34%,0%,-,上海证券交易所,101
510190,华安上证50交易型开放式指数证券投资基金,2026-06-17,601088,中国神华,600,允许,1,34%,0%,-,上海证券交易所,101
510190,华安上证50交易型开放式指数证券投资基金,2026-06-17,601127,赛力斯,200,允许,1,34%,0%,-,上海证券交易所,101
510190,华安上证50交易型开放式指数证券投资基金,2026-06-17,601166,兴业银行,3800,允许,1,34%,0%,-,上海证券交易所,101
510190,华安上证50交易型开放式指数证券投资基金,2026-06-17,601211,国泰海通,2600,允许,1,34%,0%,-,上海证券交易所,101
510190,华安上证50交易型开放式指数证券投资基金,2026-06-17,601288,农业银行,6500,允许,1,34%,0%,-,上海证券交易所,101
510190,华安上证50交易型开放式指数证券投资基金,2026-06-17,601318,中国平安,2400,允许,1,34%,0%,-,上海证券交易所,101
510190,华安上证50交易型开放式指数证券投资基金,2026-06-17,601328,交通银行,6100,允许,1,34%,0%,-,上海证券交易所,101
510190,华安上证50交易型开放式指数证券投资基金,2026-06-17,601398,工商银行,7300,允许,1,34%,0%,-,上海证券交易所,101
510190,华安上证50交易型开放式指数证券投资基金,2026-06-17,601600,中国铝业,1800,允许,1,34%,0%,-,上海证券交易所,101
510190,华安上证50交易型开放式指数证券投资基金,2026-06-17,601601,中国太保,800,允许,1,34%,0%,-,上海证券交易所,101
510190,华安上证50交易型开放式指数证券投资基金,2026-06-17,601628,中国人寿,400,允许,1,34%,0%,-,上海证券交易所,101
510190,华安上证50交易型开放式指数证券投资基金,2026-06-17,601658,邮储银行,2500,允许,1,34%,0%,-,上海证券交易所,101
510190,华安上证50交易型开放式指数证券投资基金,2026-06-17,601668,中国建筑,4700,允许,1,34%,0%,-,上海证券交易所,101
510190,华安上证50交易型开放式指数证券投资基金,2026-06-17,601688,华泰证券,1300,允许,1,34%,0%,-,上海证券交易所,101
510190,华安上证50交易型开放式指数证券投资基金,2026-06-17,601728,中国电信,3500,允许,1,34%,0%,-,上海证券交易所,101
510190,华安上证50交易型开放式指数证券投资基金,2026-06-17,601857,中国石油,2900,允许,1,34%,0%,-,上海证券交易所,101
510190,华安上证50交易型开放式指数证券投资基金,2026-06-17,601888,中国中免,200,允许,1,34%,0%,-,上海证券交易所,101
510190,华安上证50交易型开放式指数证券投资基金,2026-06-17,601899,紫金矿业,3700,允许,1,34%,0%,-,上海证券交易所,101
510190,华安上证50交易型开放式指数证券投资基金,2026-06-17,601919,中远海控,1400,允许,1,34%,0%,-,上海证券交易所,101
510190,华安上证50交易型开放式指数证券投资基金,2026-06-17,601988,中国银行,3300,允许,1,34%,0%,-,上海证券交易所,101
510190,华安上证50交易型开放式指数证券投资基金,2026-06-17,603019,中科曙光,300,允许,1,34%,0%,-,上海证券交易所,101
510190,华安上证50交易型开放式指数证券投资基金,2026-06-17,603259,药明康德,600,允许,1,34%,0%,-,上海证券交易所,101
510190,华安上证50交易型开放式指数证券投资基金,2026-06-17,603501,豪威集团,200,允许,1,34%,0%,-,上海证券交易所,101
510190,华安上证50交易型开放式指数证券投资基金,2026-06-17,603986,兆易创新,200,允许,1,34%,0%,-,上海证券交易所,101
510190,华安上证50交易型开放式指数证券投资基金,2026-06-17,603993,洛阳钼业,2000,允许,1,34%,0%,-,上海证券交易所,101
510190,华安上证50交易型开放式指数证券投资基金,2026-06-17,688008,澜起科技,300,允许,1,73%,0%,-,上海证券交易所,101
510190,华安上证50交易型开放式指数证券投资基金,2026-06-17,688012,中微公司,200,允许,1,73%,0%,-,上海证券交易所,101
510190,华安上证50交易型开放式指数证券投资基金,2026-06-17,688041,海光信息,200,允许,1,73%,0%,-,上海证券交易所,101
510190,华安上证50交易型开放式指数证券投资基金,2026-06-17,688111,金山办公,200,允许,1,73%,0%,-,上海证券交易所,101
510190,华安上证50交易型开放式指数证券投资基金,2026-06-17,688256,寒武纪,0,必须,2,-,-,            0.000,上海证券交易所,101
510190,华安上证50交易型开放式指数证券投资基金,2026-06-17,688981,中芯国际,500,允许,1,73%,0%,-,上海证券交易所,101
510600,申万菱信上证50交易型开放式指数发起式证券投资基金,2026-06-17,600028,中国石化,1800,允许,1,34%,0%,-,上海证券交易所,101
510600,申万菱信上证50交易型开放式指数发起式证券投资基金,2026-06-17,600030,中信证券,1200,允许,1,34%,0%,-,上海证券交易所,101
510600,申万菱信上证50交易型开放式指数发起式证券投资基金,2026-06-17,600031,三一重工,700,允许,1,34%,0%,-,上海证券交易所,101
510600,申万菱信上证50交易型开放式指数发起式证券投资基金,2026-06-17,600036,招商银行,1500,允许,1,34%,0%,-,上海证券交易所,101
510600,申万菱信上证50交易型开放式指数发起式证券投资基金,2026-06-17,600050,中国联通,1900,允许,1,34%,0%,-,上海证券交易所,101
510600,申万菱信上证50交易型开放式指数发起式证券投资基金,2026-06-17,600089,特变电工,600,允许,1,34%,0%,-,上海证券交易所,101
510600,申万菱信上证50交易型开放式指数发起式证券投资基金,2026-06-17,600111,北方稀土,300,允许,1,34%,0%,-,上海证券交易所,101
510600,申万菱信上证50交易型开放式指数发起式证券投资基金,2026-06-17,600150,中国船舶,600,允许,1,34%,0%,-,上海证券交易所,101
510600,申万菱信上证50交易型开放式指数发起式证券投资基金,2026-06-17,600183,生益科技,200,允许,1,34%,0%,-,上海证券交易所,101
510600,申万菱信上证50交易型开放式指数发起式证券投资基金,2026-06-17,600276,恒瑞医药,500,允许,1,34%,0%,-,上海证券交易所,101
510600,申万菱信上证50交易型开放式指数发起式证券投资基金,2026-06-17,600309,万华化学,200,允许,1,34%,0%,-,上海证券交易所,101
510600,申万菱信上证50交易型开放式指数发起式证券投资基金,2026-06-17,600406,国电南瑞,500,允许,1,34%,0%,-,上海证券交易所,101
510600,申万菱信上证50交易型开放式指数发起式证券投资基金,2026-06-17,600519,贵州茅台,100,允许,1,34%,0%,-,上海证券交易所,101
510600,申万菱信上证50交易型开放式指数发起式证券投资基金,2026-06-17,600760,中航沈飞,100,允许,1,34%,0%,-,上海证券交易所,101
510600,申万菱信上证50交易型开放式指数发起式证券投资基金,2026-06-17,600809,山西汾酒,100,允许,1,34%,0%,-,上海证券交易所,101
510600,申万菱信上证50交易型开放式指数发起式证券投资基金,2026-06-17,600887,伊利股份,800,允许,1,34%,0%,-,上海证券交易所,101
510600,申万菱信上证50交易型开放式指数发起式证券投资基金,2026-06-17,600900,长江电力,1500,允许,1,34%,0%,-,上海证券交易所,101
510600,申万菱信上证50交易型开放式指数发起式证券投资基金,2026-06-17,600930,华电新能,400,允许,1,34%,0%,-,上海证券交易所,101
510600,申万菱信上证50交易型开放式指数发起式证券投资基金,2026-06-17,601012,隆基绿能,700,允许,1,34%,0%,-,上海证券交易所,101
510600,申万菱信上证50交易型开放式指数发起式证券投资基金,2026-06-17,601088,中国神华,300,允许,1,34%,0%,-,上海证券交易所,101
510600,申万菱信上证50交易型开放式指数发起式证券投资基金,2026-06-17,601127,赛力斯,100,允许,1,34%,0%,-,上海证券交易所,101
510600,申万菱信上证50交易型开放式指数发起式证券投资基金,2026-06-17,601166,兴业银行,2100,允许,1,34%,0%,-,上海证券交易所,101
510600,申万菱信上证50交易型开放式指数发起式证券投资基金,2026-06-17,601211,国泰海通,1400,允许,1,34%,0%,-,上海证券交易所,101
510600,申万菱信上证50交易型开放式指数发起式证券投资基金,2026-06-17,601288,农业银行,3500,允许,1,34%,0%,-,上海证券交易所,101
510600,申万菱信上证50交易型开放式指数发起式证券投资基金,2026-06-17,601318,中国平安,1300,允许,1,34%,0%,-,上海证券交易所,101
510600,申万菱信上证50交易型开放式指数发起式证券投资基金,2026-06-17,601328,交通银行,3300,允许,1,34%,0%,-,上海证券交易所,101
510600,申万菱信上证50交易型开放式指数发起式证券投资基金,2026-06-17,601398,工商银行,4000,允许,1,34%,0%,-,上海证券交易所,101
510600,申万菱信上证50交易型开放式指数发起式证券投资基金,2026-06-17,601600,中国铝业,1000,允许,1,34%,0%,-,上海证券交易所,101
510600,申万菱信上证50交易型开放式指数发起式证券投资基金,2026-06-17,601601,中国太保,400,允许,1,34%,0%,-,上海证券交易所,101
510600,申万菱信上证50交易型开放式指数发起式证券投资基金,2026-06-17,601628,中国人寿,200,允许,1,34%,0%,-,上海证券交易所,101
510600,申万菱信上证50交易型开放式指数发起式证券投资基金,2026-06-17,601658,邮储银行,1400,允许,1,34%,0%,-,上海证券交易所,101
510600,申万菱信上证50交易型开放式指数发起式证券投资基金,2026-06-17,601668,中国建筑,2500,允许,1,34%,0%,-,上海证券交易所,101
510600,申万菱信上证50交易型开放式指数发起式证券投资基金,2026-06-17,601688,华泰证券,700,允许,1,34%,0%,-,上海证券交易所,101
510600,申万菱信上证50交易型开放式指数发起式证券投资基金,2026-06-17,601728,中国电信,1900,允许,1,34%,0%,-,上海证券交易所,101
510600,申万菱信上证50交易型开放式指数发起式证券投资基金,2026-06-17,601857,中国石油,1600,允许,1,34%,0%,-,上海证券交易所,101
510600,申万菱信上证50交易型开放式指数发起式证券投资基金,2026-06-17,601888,中国中免,100,允许,1,34%,0%,-,上海证券交易所,101
510600,申万菱信上证50交易型开放式指数发起式证券投资基金,2026-06-17,601899,紫金矿业,2000,允许,1,34%,0%,-,上海证券交易所,101
510600,申万菱信上证50交易型开放式指数发起式证券投资基金,2026-06-17,601919,中远海控,800,允许,1,34%,0%,-,上海证券交易所,101
510600,申万菱信上证50交易型开放式指数发起式证券投资基金,2026-06-17,601988,中国银行,1800,允许,1,34%,0%,-,上海证券交易所,101
510600,申万菱信上证50交易型开放式指数发起式证券投资基金,2026-06-17,603019,中科曙光,200,允许,1,34%,0%,-,上海证券交易所,101
510600,申万菱信上证50交易型开放式指数发起式证券投资基金,2026-06-17,603259,药明康德,300,允许,1,34%,0%,-,上海证券交易所,101
510600,申万菱信上证50交易型开放式指数发起式证券投资基金,2026-06-17,603501,豪威集团,100,允许,1,34%,0%,-,上海证券交易所,101
510600,申万菱信上证50交易型开放式指数发起式证券投资基金,2026-06-17,603986,兆易创新,100,允许,1,34%,0%,-,上海证券交易所,101
510600,申万菱信上证50交易型开放式指数发起式证券投资基金,2026-06-17,603993,洛阳钼业,1100,允许,1,34%,0%,-,上海证券交易所,101
510600,申万菱信上证50交易型开放式指数发起式证券投资基金,2026-06-17,688008,澜起科技,200,允许,1,73%,0%,-,上海证券交易所,101
510600,申万菱信上证50交易型开放式指数发起式证券投资基金,2026-06-17,688012,中微公司,0,必须,2,-,-,            0.000,上海证券交易所,101
510600,申万菱信上证50交易型开放式指数发起式证券投资基金,2026-06-17,688041,海光信息,200,允许,1,73%,0%,-,上海证券交易所,101
510600,申万菱信上证50交易型开放式指数发起式证券投资基金,2026-06-17,688111,金山办公,0,必须,2,-,-,            0.000,上海证券交易所,101
510600,申万菱信上证50交易型开放式指数发起式证券投资基金,2026-06-17,688256,寒武纪,0,必须,2,-,-,            0.000,上海证券交易所,101
510600,申万菱信上证50交易型开放式指数发起式证券投资基金,2026-06-17,688981,中芯国际,200,允许,1,73%,0%,-,上海证券交易所,101
510680,万家上证50交易型开放式指数证券投资基金,2026-06-17,600028,中国石化,1500,允许,1,35%,0%,-,上海证券交易所,101
510680,万家上证50交易型开放式指数证券投资基金,2026-06-17,600030,中信证券,1000,允许,1,35%,0%,-,上海证券交易所,101
510680,万家上证50交易型开放式指数证券投资基金,2026-06-17,600031,三一重工,600,允许,1,35%,0%,-,上海证券交易所,101
510680,万家上证50交易型开放式指数证券投资基金,2026-06-17,600036,招商银行,1300,允许,1,35%,0%,-,上海证券交易所,101
510680,万家上证50交易型开放式指数证券投资基金,2026-06-17,600050,中国联通,1600,允许,1,35%,0%,-,上海证券交易所,101
510680,万家上证50交易型开放式指数证券投资基金,2026-06-17,600089,特变电工,500,允许,1,35%,0%,-,上海证券交易所,101
510680,万家上证50交易型开放式指数证券投资基金,2026-06-17,600111,北方稀土,300,允许,1,35%,0%,-,上海证券交易所,101
510680,万家上证50交易型开放式指数证券投资基金,2026-06-17,600150,中国船舶,500,允许,1,35%,0%,-,上海证券交易所,101
510680,万家上证50交易型开放式指数证券投资基金,2026-06-17,600183,生益科技,100,允许,1,35%,0%,-,上海证券交易所,101
510680,万家上证50交易型开放式指数证券投资基金,2026-06-17,600276,恒瑞医药,500,允许,1,35%,0%,-,上海证券交易所,101
510680,万家上证50交易型开放式指数证券投资基金,2026-06-17,600309,万华化学,200,允许,1,35%,0%,-,上海证券交易所,101
510680,万家上证50交易型开放式指数证券投资基金,2026-06-17,600406,国电南瑞,400,允许,1,35%,0%,-,上海证券交易所,101
510680,万家上证50交易型开放式指数证券投资基金,2026-06-17,600519,贵州茅台,100,允许,1,35%,0%,-,上海证券交易所,101
510680,万家上证50交易型开放式指数证券投资基金,2026-06-17,600760,中航沈飞,100,允许,1,35%,0%,-,上海证券交易所,101
510680,万家上证50交易型开放式指数证券投资基金,2026-06-17,600809,山西汾酒,0,必须,2,-,-,            0.000,上海证券交易所,101
510680,万家上证50交易型开放式指数证券投资基金,2026-06-17,600887,伊利股份,600,允许,1,35%,0%,-,上海证券交易所,101
510680,万家上证50交易型开放式指数证券投资基金,2026-06-17,600900,长江电力,1200,允许,1,35%,0%,-,上海证券交易所,101
510680,万家上证50交易型开放式指数证券投资基金,2026-06-17,600930,华电新能,300,允许,1,35%,0%,-,上海证券交易所,101
510680,万家上证50交易型开放式指数证券投资基金,2026-06-17,601012,隆基绿能,600,允许,1,35%,0%,-,上海证券交易所,101
510680,万家上证50交易型开放式指数证券投资基金,2026-06-17,601088,中国神华,300,允许,1,35%,0%,-,上海证券交易所,101
510680,万家上证50交易型开放式指数证券投资基金,2026-06-17,601127,赛力斯,100,允许,1,35%,0%,-,上海证券交易所,101
510680,万家上证50交易型开放式指数证券投资基金,2026-06-17,601166,兴业银行,1700,允许,1,35%,0%,-,上海证券交易所,101
510680,万家上证50交易型开放式指数证券投资基金,2026-06-17,601211,国泰海通,1100,允许,1,35%,0%,-,上海证券交易所,101
510680,万家上证50交易型开放式指数证券投资基金,2026-06-17,601288,农业银行,2900,允许,1,35%,0%,-,上海证券交易所,101
510680,万家上证50交易型开放式指数证券投资基金,2026-06-17,601318,中国平安,1100,允许,1,35%,0%,-,上海证券交易所,101
510680,万家上证50交易型开放式指数证券投资基金,2026-06-17,601328,交通银行,2700,允许,1,35%,0%,-,上海证券交易所,101
510680,万家上证50交易型开放式指数证券投资基金,2026-06-17,601398,工商银行,3300,允许,1,35%,0%,-,上海证券交易所,101
510680,万家上证50交易型开放式指数证券投资基金,2026-06-17,601600,中国铝业,800,允许,1,35%,0%,-,上海证券交易所,101
510680,万家上证50交易型开放式指数证券投资基金,2026-06-17,601601,中国太保,300,允许,1,35%,0%,-,上海证券交易所,101
510680,万家上证50交易型开放式指数证券投资基金,2026-06-17,601628,中国人寿,200,允许,1,35%,0%,-,上海证券交易所,101
510680,万家上证50交易型开放式指数证券投资基金,2026-06-17,601658,邮储银行,1100,允许,1,35%,0%,-,上海证券交易所,101
510680,万家上证50交易型开放式指数证券投资基金,2026-06-17,601668,中国建筑,2100,允许,1,35%,0%,-,上海证券交易所,101
510680,万家上证50交易型开放式指数证券投资基金,2026-06-17,601688,华泰证券,600,允许,1,35%,0%,-,上海证券交易所,101
510680,万家上证50交易型开放式指数证券投资基金,2026-06-17,601728,中国电信,1600,允许,1,35%,0%,-,上海证券交易所,101
510680,万家上证50交易型开放式指数证券投资基金,2026-06-17,601857,中国石油,1300,允许,1,35%,0%,-,上海证券交易所,101
510680,万家上证50交易型开放式指数证券投资基金,2026-06-17,601888,中国中免,100,允许,1,35%,0%,-,上海证券交易所,101
510680,万家上证50交易型开放式指数证券投资基金,2026-06-17,601899,紫金矿业,1700,允许,1,35%,0%,-,上海证券交易所,101
510680,万家上证50交易型开放式指数证券投资基金,2026-06-17,601919,中远海控,600,允许,1,35%,0%,-,上海证券交易所,101
510680,万家上证50交易型开放式指数证券投资基金,2026-06-17,601988,中国银行,1400,允许,1,35%,0%,-,上海证券交易所,101
510680,万家上证50交易型开放式指数证券投资基金,2026-06-17,603019,中科曙光,100,允许,1,35%,0%,-,上海证券交易所,101
510680,万家上证50交易型开放式指数证券投资基金,2026-06-17,603259,药明康德,300,允许,1,35%,0%,-,上海证券交易所,101
510680,万家上证50交易型开放式指数证券投资基金,2026-06-17,603501,豪威集团,100,允许,1,35%,0%,-,上海证券交易所,101
510680,万家上证50交易型开放式指数证券投资基金,2026-06-17,603986,兆易创新,100,允许,1,35%,0%,-,上海证券交易所,101
510680,万家上证50交易型开放式指数证券投资基金,2026-06-17,603993,洛阳钼业,900,允许,1,35%,0%,-,上海证券交易所,101
510680,万家上证50交易型开放式指数证券投资基金,2026-06-17,688008,澜起科技,200,允许,1,75%,0%,-,上海证券交易所,101
510680,万家上证50交易型开放式指数证券投资基金,2026-06-17,688012,中微公司,0,必须,2,-,-,            0.000,上海证券交易所,101
510680,万家上证50交易型开放式指数证券投资基金,2026-06-17,688041,海光信息,0,必须,2,-,-,            0.000,上海证券交易所,101
510680,万家上证50交易型开放式指数证券投资基金,2026-06-17,688111,金山办公,0,必须,2,-,-,            0.000,上海证券交易所,101
510680,万家上证50交易型开放式指数证券投资基金,2026-06-17,688256,寒武纪,0,必须,2,-,-,            0.000,上海证券交易所,101
510680,万家上证50交易型开放式指数证券投资基金,2026-06-17,688981,中芯国际,200,允许,1,75%,0%,-,上海证券交易所,101
510710,博时上证50交易型开放式指数证券投资基金,2026-06-17,600028,中国石化,1900,允许,1,33.1%,0%,-,上海证券交易所,101
510710,博时上证50交易型开放式指数证券投资基金,2026-06-17,600030,中信证券,1300,允许,1,33.1%,0%,-,上海证券交易所,101
510710,博时上证50交易型开放式指数证券投资基金,2026-06-17,600031,三一重工,800,允许,1,33.1%,0%,-,上海证券交易所,101
510710,博时上证50交易型开放式指数证券投资基金,2026-06-17,600036,招商银行,1600,允许,1,33.1%,0%,-,上海证券交易所,101
510710,博时上证50交易型开放式指数证券投资基金,2026-06-17,600050,中国联通,2100,允许,1,33.1%,0%,-,上海证券交易所,101
510710,博时上证50交易型开放式指数证券投资基金,2026-06-17,600089,特变电工,600,允许,1,33.1%,0%,-,上海证券交易所,101
510710,博时上证50交易型开放式指数证券投资基金,2026-06-17,600111,北方稀土,300,允许,1,33.1%,0%,-,上海证券交易所,101
510710,博时上证50交易型开放式指数证券投资基金,2026-06-17,600150,中国船舶,600,允许,1,33.1%,0%,-,上海证券交易所,101
510710,博时上证50交易型开放式指数证券投资基金,2026-06-17,600183,生益科技,200,允许,1,33.1%,0%,-,上海证券交易所,101
510710,博时上证50交易型开放式指数证券投资基金,2026-06-17,600276,恒瑞医药,600,允许,1,33.1%,0%,-,上海证券交易所,101
510710,博时上证50交易型开放式指数证券投资基金,2026-06-17,600309,万华化学,300,允许,1,33.1%,0%,-,上海证券交易所,101
510710,博时上证50交易型开放式指数证券投资基金,2026-06-17,600406,国电南瑞,500,允许,1,33.1%,0%,-,上海证券交易所,101
510710,博时上证50交易型开放式指数证券投资基金,2026-06-17,600519,贵州茅台,100,允许,1,33.1%,0%,-,上海证券交易所,101
510710,博时上证50交易型开放式指数证券投资基金,2026-06-17,600760,中航沈飞,100,允许,1,33.1%,0%,-,上海证券交易所,101
510710,博时上证50交易型开放式指数证券投资基金,2026-06-17,600809,山西汾酒,100,允许,1,33.1%,0%,-,上海证券交易所,101
510710,博时上证50交易型开放式指数证券投资基金,2026-06-17,600887,伊利股份,800,允许,1,33.1%,0%,-,上海证券交易所,101
510710,博时上证50交易型开放式指数证券投资基金,2026-06-17,600900,长江电力,1600,允许,1,33.1%,0%,-,上海证券交易所,101
510710,博时上证50交易型开放式指数证券投资基金,2026-06-17,600930,华电新能,400,允许,1,33.1%,0%,-,上海证券交易所,101
510710,博时上证50交易型开放式指数证券投资基金,2026-06-17,601012,隆基绿能,800,允许,1,33.1%,0%,-,上海证券交易所,101
510710,博时上证50交易型开放式指数证券投资基金,2026-06-17,601088,中国神华,400,允许,1,33.1%,0%,-,上海证券交易所,101
510710,博时上证50交易型开放式指数证券投资基金,2026-06-17,601127,赛力斯,100,允许,1,33.1%,0%,-,上海证券交易所,101
510710,博时上证50交易型开放式指数证券投资基金,2026-06-17,601166,兴业银行,2200,允许,1,33.1%,0%,-,上海证券交易所,101
510710,博时上证50交易型开放式指数证券投资基金,2026-06-17,601211,国泰海通,1500,允许,1,33.1%,0%,-,上海证券交易所,101
510710,博时上证50交易型开放式指数证券投资基金,2026-06-17,601288,农业银行,3800,允许,1,33.1%,0%,-,上海证券交易所,101
510710,博时上证50交易型开放式指数证券投资基金,2026-06-17,601318,中国平安,1400,允许,1,33.1%,0%,-,上海证券交易所,101
510710,博时上证50交易型开放式指数证券投资基金,2026-06-17,601328,交通银行,3600,允许,1,33.1%,0%,-,上海证券交易所,101
510710,博时上证50交易型开放式指数证券投资基金,2026-06-17,601398,工商银行,4300,允许,1,33.1%,0%,-,上海证券交易所,101
510710,博时上证50交易型开放式指数证券投资基金,2026-06-17,601600,中国铝业,1000,允许,1,33.1%,0%,-,上海证券交易所,101
510710,博时上证50交易型开放式指数证券投资基金,2026-06-17,601601,中国太保,400,允许,1,33.1%,0%,-,上海证券交易所,101
510710,博时上证50交易型开放式指数证券投资基金,2026-06-17,601628,中国人寿,200,允许,1,33.1%,0%,-,上海证券交易所,101
510710,博时上证50交易型开放式指数证券投资基金,2026-06-17,601658,邮储银行,1400,允许,1,33.1%,0%,-,上海证券交易所,101
510710,博时上证50交易型开放式指数证券投资基金,2026-06-17,601668,中国建筑,2700,允许,1,33.1%,0%,-,上海证券交易所,101
510710,博时上证50交易型开放式指数证券投资基金,2026-06-17,601688,华泰证券,700,允许,1,33.1%,0%,-,上海证券交易所,101
510710,博时上证50交易型开放式指数证券投资基金,2026-06-17,601728,中国电信,2100,允许,1,33.1%,0%,-,上海证券交易所,101
510710,博时上证50交易型开放式指数证券投资基金,2026-06-17,601857,中国石油,1700,允许,1,33.1%,0%,-,上海证券交易所,101
510710,博时上证50交易型开放式指数证券投资基金,2026-06-17,601888,中国中免,100,允许,1,33.1%,0%,-,上海证券交易所,101
510710,博时上证50交易型开放式指数证券投资基金,2026-06-17,601899,紫金矿业,2200,允许,1,33.1%,0%,-,上海证券交易所,101
510710,博时上证50交易型开放式指数证券投资基金,2026-06-17,601919,中远海控,800,允许,1,33.1%,0%,-,上海证券交易所,101
510710,博时上证50交易型开放式指数证券投资基金,2026-06-17,601988,中国银行,1900,允许,1,33.1%,0%,-,上海证券交易所,101
510710,博时上证50交易型开放式指数证券投资基金,2026-06-17,603019,中科曙光,200,允许,1,33.1%,0%,-,上海证券交易所,101
510710,博时上证50交易型开放式指数证券投资基金,2026-06-17,603259,药明康德,300,允许,1,33.1%,0%,-,上海证券交易所,101
510710,博时上证50交易型开放式指数证券投资基金,2026-06-17,603501,豪威集团,100,允许,1,33.1%,0%,-,上海证券交易所,101
510710,博时上证50交易型开放式指数证券投资基金,2026-06-17,603986,兆易创新,100,允许,1,33.1%,0%,-,上海证券交易所,101
510710,博时上证50交易型开放式指数证券投资基金,2026-06-17,603993,洛阳钼业,1100,允许,1,33.1%,0%,-,上海证券交易所,101
510710,博时上证50交易型开放式指数证券投资基金,2026-06-17,688008,澜起科技,200,允许,1,72.8%,0%,-,上海证券交易所,101
510710,博时上证50交易型开放式指数证券投资基金,2026-06-17,688012,中微公司,200,允许,1,72.8%,0%,-,上海证券交易所,101
510710,博时上证50交易型开放式指数证券投资基金,2026-06-17,688041,海光信息,200,允许,1,72.8%,0%,-,上海证券交易所,101
510710,博时上证50交易型开放式指数证券投资基金,2026-06-17,688111,金山办公,0,必须,2,-,-,            0.000,上海证券交易所,101
510710,博时上证50交易型开放式指数证券投资基金,2026-06-17,688256,寒武纪,0,必须,2,-,-,            0.000,上海证券交易所,101
510710,博时上证50交易型开放式指数证券投资基金,2026-06-17,688981,中芯国际,300,允许,1,72.8%,0%,-,上海证券交易所,101
510800,建信上证50交易型开放式指数证券投资基金,2026-06-17,600028,中国石化,2100,允许,1,34%,0%,-,上海证券交易所,101
510800,建信上证50交易型开放式指数证券投资基金,2026-06-17,600030,中信证券,1400,允许,1,34%,0%,-,上海证券交易所,101
510800,建信上证50交易型开放式指数证券投资基金,2026-06-17,600031,三一重工,900,允许,1,34%,0%,-,上海证券交易所,101
510800,建信上证50交易型开放式指数证券投资基金,2026-06-17,600036,招商银行,1800,允许,1,34%,0%,-,上海证券交易所,101
510800,建信上证50交易型开放式指数证券投资基金,2026-06-17,600050,中国联通,2300,允许,1,34%,0%,-,上海证券交易所,101
510800,建信上证50交易型开放式指数证券投资基金,2026-06-17,600089,特变电工,700,允许,1,34%,0%,-,上海证券交易所,101
510800,建信上证50交易型开放式指数证券投资基金,2026-06-17,600111,北方稀土,400,允许,1,34%,0%,-,上海证券交易所,101
510800,建信上证50交易型开放式指数证券投资基金,2026-06-17,600150,中国船舶,700,允许,1,34%,0%,-,上海证券交易所,101
510800,建信上证50交易型开放式指数证券投资基金,2026-06-17,600183,生益科技,200,必须,2,-,-,        35880.000,上海证券交易所,101
510800,建信上证50交易型开放式指数证券投资基金,2026-06-17,600276,恒瑞医药,700,允许,1,34%,0%,-,上海证券交易所,101
510800,建信上证50交易型开放式指数证券投资基金,2026-06-17,600309,万华化学,300,允许,1,34%,0%,-,上海证券交易所,101
510800,建信上证50交易型开放式指数证券投资基金,2026-06-17,600406,国电南瑞,600,允许,1,34%,0%,-,上海证券交易所,101
510800,建信上证50交易型开放式指数证券投资基金,2026-06-17,600519,贵州茅台,100,允许,1,34%,0%,-,上海证券交易所,101
510800,建信上证50交易型开放式指数证券投资基金,2026-06-17,600760,中航沈飞,200,允许,1,34%,0%,-,上海证券交易所,101
510800,建信上证50交易型开放式指数证券投资基金,2026-06-17,600809,山西汾酒,100,允许,1,34%,0%,-,上海证券交易所,101
510800,建信上证50交易型开放式指数证券投资基金,2026-06-17,600887,伊利股份,900,允许,1,34%,0%,-,上海证券交易所,101
510800,建信上证50交易型开放式指数证券投资基金,2026-06-17,600900,长江电力,1800,允许,1,34%,0%,-,上海证券交易所,101
510800,建信上证50交易型开放式指数证券投资基金,2026-06-17,600930,华电新能,500,允许,1,34%,0%,-,上海证券交易所,101
510800,建信上证50交易型开放式指数证券投资基金,2026-06-17,601012,隆基绿能,900,允许,1,34%,0%,-,上海证券交易所,101
510800,建信上证50交易型开放式指数证券投资基金,2026-06-17,601088,中国神华,400,允许,1,34%,0%,-,上海证券交易所,101
510800,建信上证50交易型开放式指数证券投资基金,2026-06-17,601127,赛力斯,100,允许,1,34%,0%,-,上海证券交易所,101
510800,建信上证50交易型开放式指数证券投资基金,2026-06-17,601166,兴业银行,2500,允许,1,34%,0%,-,上海证券交易所,101
510800,建信上证50交易型开放式指数证券投资基金,2026-06-17,601211,国泰海通,1700,允许,1,34%,0%,-,上海证券交易所,101
510800,建信上证50交易型开放式指数证券投资基金,2026-06-17,601288,农业银行,4200,允许,1,34%,0%,-,上海证券交易所,101
510800,建信上证50交易型开放式指数证券投资基金,2026-06-17,601318,中国平安,1600,允许,1,34%,0%,-,上海证券交易所,101
510800,建信上证50交易型开放式指数证券投资基金,2026-06-17,601328,交通银行,3900,允许,1,34%,0%,-,上海证券交易所,101
510800,建信上证50交易型开放式指数证券投资基金,2026-06-17,601398,工商银行,4800,允许,1,34%,0%,-,上海证券交易所,101
510800,建信上证50交易型开放式指数证券投资基金,2026-06-17,601600,中国铝业,1200,允许,1,34%,0%,-,上海证券交易所,101
510800,建信上证50交易型开放式指数证券投资基金,2026-06-17,601601,中国太保,500,允许,1,34%,0%,-,上海证券交易所,101
510800,建信上证50交易型开放式指数证券投资基金,2026-06-17,601628,中国人寿,200,允许,1,34%,0%,-,上海证券交易所,101
510800,建信上证50交易型开放式指数证券投资基金,2026-06-17,601658,邮储银行,1600,允许,1,34%,0%,-,上海证券交易所,101
510800,建信上证50交易型开放式指数证券投资基金,2026-06-17,601668,中国建筑,3000,允许,1,34%,0%,-,上海证券交易所,101
510800,建信上证50交易型开放式指数证券投资基金,2026-06-17,601688,华泰证券,900,允许,1,34%,0%,-,上海证券交易所,101
510800,建信上证50交易型开放式指数证券投资基金,2026-06-17,601728,中国电信,2300,允许,1,34%,0%,-,上海证券交易所,101
510800,建信上证50交易型开放式指数证券投资基金,2026-06-17,601857,中国石油,1900,允许,1,34%,0%,-,上海证券交易所,101
510800,建信上证50交易型开放式指数证券投资基金,2026-06-17,601888,中国中免,100,允许,1,34%,0%,-,上海证券交易所,101
510800,建信上证50交易型开放式指数证券投资基金,2026-06-17,601899,紫金矿业,2400,允许,1,34%,0%,-,上海证券交易所,101
510800,建信上证50交易型开放式指数证券投资基金,2026-06-17,601919,中远海控,900,允许,1,34%,0%,-,上海证券交易所,101
510800,建信上证50交易型开放式指数证券投资基金,2026-06-17,601988,中国银行,2100,允许,1,34%,0%,-,上海证券交易所,101
510800,建信上证50交易型开放式指数证券投资基金,2026-06-17,603019,中科曙光,200,允许,1,34%,0%,-,上海证券交易所,101
510800,建信上证50交易型开放式指数证券投资基金,2026-06-17,603259,药明康德,400,允许,1,34%,0%,-,上海证券交易所,101
510800,建信上证50交易型开放式指数证券投资基金,2026-06-17,603501,豪威集团,100,允许,1,34%,0%,-,上海证券交易所,101
510800,建信上证50交易型开放式指数证券投资基金,2026-06-17,603986,兆易创新,100,允许,1,34%,0%,-,上海证券交易所,101
510800,建信上证50交易型开放式指数证券投资基金,2026-06-17,603993,洛阳钼业,1300,允许,1,34%,0%,-,上海证券交易所,101
510800,建信上证50交易型开放式指数证券投资基金,2026-06-17,688008,澜起科技,200,允许,1,73%,0%,-,上海证券交易所,101
510800,建信上证50交易型开放式指数证券投资基金,2026-06-17,688012,中微公司,200,允许,1,73%,0%,-,上海证券交易所,101
510800,建信上证50交易型开放式指数证券投资基金,2026-06-17,688041,海光信息,200,允许,1,73%,0%,-,上海证券交易所,101
510800,建信上证50交易型开放式指数证券投资基金,2026-06-17,688111,金山办公,0,必须,2,-,-,            0.000,上海证券交易所,101
510800,建信上证50交易型开放式指数证券投资基金,2026-06-17,688256,寒武纪,0,必须,2,-,-,            0.000,上海证券交易所,101
510800,建信上证50交易型开放式指数证券投资基金,2026-06-17,688981,中芯国际,300,允许,1,73%,0%,-,上海证券交易所,101
510850,工银瑞信上证50交易型开放式指数证券投资基金,2026-06-17,600028,中国石化,3300,允许,1,34%,0%,-,上海证券交易所,101
510850,工银瑞信上证50交易型开放式指数证券投资基金,2026-06-17,600030,中信证券,2200,允许,1,34%,0%,-,上海证券交易所,101
510850,工银瑞信上证50交易型开放式指数证券投资基金,2026-06-17,600031,三一重工,1300,允许,1,34%,0%,-,上海证券交易所,101
510850,工银瑞信上证50交易型开放式指数证券投资基金,2026-06-17,600036,招商银行,2800,允许,1,34%,0%,-,上海证券交易所,101
510850,工银瑞信上证50交易型开放式指数证券投资基金,2026-06-17,600050,中国联通,3500,允许,1,34%,0%,-,上海证券交易所,101
510850,工银瑞信上证50交易型开放式指数证券投资基金,2026-06-17,600089,特变电工,1100,允许,1,34%,0%,-,上海证券交易所,101
510850,工银瑞信上证50交易型开放式指数证券投资基金,2026-06-17,600111,北方稀土,600,允许,1,34%,0%,-,上海证券交易所,101
510850,工银瑞信上证50交易型开放式指数证券投资基金,2026-06-17,600150,中国船舶,1000,允许,1,34%,0%,-,上海证券交易所,101
510850,工银瑞信上证50交易型开放式指数证券投资基金,2026-06-17,600183,生益科技,300,允许,1,34%,0%,-,上海证券交易所,101
510850,工银瑞信上证50交易型开放式指数证券投资基金,2026-06-17,600276,恒瑞医药,1000,允许,1,34%,0%,-,上海证券交易所,101
510850,工银瑞信上证50交易型开放式指数证券投资基金,2026-06-17,600309,万华化学,400,允许,1,34%,0%,-,上海证券交易所,101
510850,工银瑞信上证50交易型开放式指数证券投资基金,2026-06-17,600406,国电南瑞,900,允许,1,34%,0%,-,上海证券交易所,101
510850,工银瑞信上证50交易型开放式指数证券投资基金,2026-06-17,600519,贵州茅台,100,允许,1,34%,0%,-,上海证券交易所,101
510850,工银瑞信上证50交易型开放式指数证券投资基金,2026-06-17,600760,中航沈飞,300,允许,1,34%,0%,-,上海证券交易所,101
510850,工银瑞信上证50交易型开放式指数证券投资基金,2026-06-17,600809,山西汾酒,100,允许,1,34%,0%,-,上海证券交易所,101
510850,工银瑞信上证50交易型开放式指数证券投资基金,2026-06-17,600887,伊利股份,1400,允许,1,34%,0%,-,上海证券交易所,101
510850,工银瑞信上证50交易型开放式指数证券投资基金,2026-06-17,600900,长江电力,2700,允许,1,34%,0%,-,上海证券交易所,101
510850,工银瑞信上证50交易型开放式指数证券投资基金,2026-06-17,600930,华电新能,800,允许,1,34%,0%,-,上海证券交易所,101
510850,工银瑞信上证50交易型开放式指数证券投资基金,2026-06-17,601012,隆基绿能,1400,允许,1,34%,0%,-,上海证券交易所,101
510850,工银瑞信上证50交易型开放式指数证券投资基金,2026-06-17,601088,中国神华,600,允许,1,34%,0%,-,上海证券交易所,101
510850,工银瑞信上证50交易型开放式指数证券投资基金,2026-06-17,601127,赛力斯,200,允许,1,34%,0%,-,上海证券交易所,101
510850,工银瑞信上证50交易型开放式指数证券投资基金,2026-06-17,601166,兴业银行,3800,允许,1,34%,0%,-,上海证券交易所,101
510850,工银瑞信上证50交易型开放式指数证券投资基金,2026-06-17,601211,国泰海通,2500,允许,1,34%,0%,-,上海证券交易所,101
510850,工银瑞信上证50交易型开放式指数证券投资基金,2026-06-17,601288,农业银行,6500,允许,1,34%,0%,-,上海证券交易所,101
510850,工银瑞信上证50交易型开放式指数证券投资基金,2026-06-17,601318,中国平安,2400,允许,1,34%,0%,-,上海证券交易所,101
510850,工银瑞信上证50交易型开放式指数证券投资基金,2026-06-17,601328,交通银行,6000,允许,1,34%,0%,-,上海证券交易所,101
510850,工银瑞信上证50交易型开放式指数证券投资基金,2026-06-17,601398,工商银行,7300,允许,1,34%,0%,-,上海证券交易所,101
510850,工银瑞信上证50交易型开放式指数证券投资基金,2026-06-17,601600,中国铝业,1800,允许,1,34%,0%,-,上海证券交易所,101
510850,工银瑞信上证50交易型开放式指数证券投资基金,2026-06-17,601601,中国太保,800,允许,1,34%,0%,-,上海证券交易所,101
510850,工银瑞信上证50交易型开放式指数证券投资基金,2026-06-17,601628,中国人寿,400,允许,1,34%,0%,-,上海证券交易所,101
510850,工银瑞信上证50交易型开放式指数证券投资基金,2026-06-17,601658,邮储银行,2500,允许,1,34%,0%,-,上海证券交易所,101
510850,工银瑞信上证50交易型开放式指数证券投资基金,2026-06-17,601668,中国建筑,4600,允许,1,34%,0%,-,上海证券交易所,101
510850,工银瑞信上证50交易型开放式指数证券投资基金,2026-06-17,601688,华泰证券,1300,允许,1,34%,0%,-,上海证券交易所,101
510850,工银瑞信上证50交易型开放式指数证券投资基金,2026-06-17,601728,中国电信,3500,允许,1,34%,0%,-,上海证券交易所,101
510850,工银瑞信上证50交易型开放式指数证券投资基金,2026-06-17,601857,中国石油,2900,允许,1,34%,0%,-,上海证券交易所,101
510850,工银瑞信上证50交易型开放式指数证券投资基金,2026-06-17,601888,中国中免,200,允许,1,34%,0%,-,上海证券交易所,101
510850,工银瑞信上证50交易型开放式指数证券投资基金,2026-06-17,601899,紫金矿业,3700,允许,1,34%,0%,-,上海证券交易所,101
510850,工银瑞信上证50交易型开放式指数证券投资基金,2026-06-17,601919,中远海控,1400,允许,1,34%,0%,-,上海证券交易所,101
510850,工银瑞信上证50交易型开放式指数证券投资基金,2026-06-17,601988,中国银行,3200,允许,1,34%,0%,-,上海证券交易所,101
510850,工银瑞信上证50交易型开放式指数证券投资基金,2026-06-17,603019,中科曙光,300,允许,1,34%,0%,-,上海证券交易所,101
510850,工银瑞信上证50交易型开放式指数证券投资基金,2026-06-17,603259,药明康德,600,允许,1,34%,0%,-,上海证券交易所,101
510850,工银瑞信上证50交易型开放式指数证券投资基金,2026-06-17,603501,豪威集团,200,允许,1,34%,0%,-,上海证券交易所,101
510850,工银瑞信上证50交易型开放式指数证券投资基金,2026-06-17,603986,兆易创新,200,允许,1,34%,0%,-,上海证券交易所,101
510850,工银瑞信上证50交易型开放式指数证券投资基金,2026-06-17,603993,洛阳钼业,2000,允许,1,34%,0%,-,上海证券交易所,101
510850,工银瑞信上证50交易型开放式指数证券投资基金,2026-06-17,688008,澜起科技,300,允许,1,73%,0%,-,上海证券交易所,101
510850,工银瑞信上证50交易型开放式指数证券投资基金,2026-06-17,688012,中微公司,200,允许,1,73%,0%,-,上海证券交易所,101
510850,工银瑞信上证50交易型开放式指数证券投资基金,2026-06-17,688041,海光信息,200,允许,1,73%,0%,-,上海证券交易所,101
510850,工银瑞信上证50交易型开放式指数证券投资基金,2026-06-17,688111,金山办公,100,允许,1,73%,0%,-,上海证券交易所,101
510850,工银瑞信上证50交易型开放式指数证券投资基金,2026-06-17,688256,寒武纪,100,允许,1,73%,0%,-,上海证券交易所,101
510850,工银瑞信上证50交易型开放式指数证券投资基金,2026-06-17,688981,中芯国际,400,允许,1,73%,0%,-,上海证券交易所,101
510950,广发上证50交易型开放式指数证券投资基金,2026-06-17,600028,中国石化,1400,允许,1,34%,0%,-,上海证券交易所,101
510950,广发上证50交易型开放式指数证券投资基金,2026-06-17,600030,中信证券,900,允许,1,34%,0%,-,上海证券交易所,101
510950,广发上证50交易型开放式指数证券投资基金,2026-06-17,600031,三一重工,600,允许,1,34%,0%,-,上海证券交易所,101
510950,广发上证50交易型开放式指数证券投资基金,2026-06-17,600036,招商银行,1200,允许,1,34%,0%,-,上海证券交易所,101
510950,广发上证50交易型开放式指数证券投资基金,2026-06-17,600050,中国联通,1500,允许,1,34%,0%,-,上海证券交易所,101
510950,广发上证50交易型开放式指数证券投资基金,2026-06-17,600089,特变电工,500,允许,1,34%,0%,-,上海证券交易所,101
510950,广发上证50交易型开放式指数证券投资基金,2026-06-17,600111,北方稀土,300,允许,1,34%,0%,-,上海证券交易所,101
510950,广发上证50交易型开放式指数证券投资基金,2026-06-17,600150,中国船舶,500,允许,1,34%,0%,-,上海证券交易所,101
510950,广发上证50交易型开放式指数证券投资基金,2026-06-17,600183,生益科技,200,允许,1,34%,0%,-,上海证券交易所,101
510950,广发上证50交易型开放式指数证券投资基金,2026-06-17,600276,恒瑞医药,400,允许,1,34%,0%,-,上海证券交易所,101
510950,广发上证50交易型开放式指数证券投资基金,2026-06-17,600309,万华化学,200,允许,1,34%,0%,-,上海证券交易所,101
510950,广发上证50交易型开放式指数证券投资基金,2026-06-17,600406,国电南瑞,400,允许,1,34%,0%,-,上海证券交易所,101
510950,广发上证50交易型开放式指数证券投资基金,2026-06-17,600519,贵州茅台,0,必须,2,-,-,            0.000,上海证券交易所,101
510950,广发上证50交易型开放式指数证券投资基金,2026-06-17,600760,中航沈飞,100,允许,1,34%,0%,-,上海证券交易所,101
510950,广发上证50交易型开放式指数证券投资基金,2026-06-17,600809,山西汾酒,100,允许,1,34%,0%,-,上海证券交易所,101
510950,广发上证50交易型开放式指数证券投资基金,2026-06-17,600887,伊利股份,600,允许,1,34%,0%,-,上海证券交易所,101
510950,广发上证50交易型开放式指数证券投资基金,2026-06-17,600900,长江电力,1200,允许,1,34%,0%,-,上海证券交易所,101
510950,广发上证50交易型开放式指数证券投资基金,2026-06-17,600930,华电新能,400,允许,1,34%,0%,-,上海证券交易所,101
510950,广发上证50交易型开放式指数证券投资基金,2026-06-17,601012,隆基绿能,600,允许,1,34%,0%,-,上海证券交易所,101
510950,广发上证50交易型开放式指数证券投资基金,2026-06-17,601088,中国神华,300,允许,1,34%,0%,-,上海证券交易所,101
510950,广发上证50交易型开放式指数证券投资基金,2026-06-17,601127,赛力斯,100,允许,1,34%,0%,-,上海证券交易所,101
510950,广发上证50交易型开放式指数证券投资基金,2026-06-17,601166,兴业银行,1600,允许,1,34%,0%,-,上海证券交易所,101
510950,广发上证50交易型开放式指数证券投资基金,2026-06-17,601211,国泰海通,1100,允许,1,34%,0%,-,上海证券交易所,101
510950,广发上证50交易型开放式指数证券投资基金,2026-06-17,601288,农业银行,2700,允许,1,34%,0%,-,上海证券交易所,101
510950,广发上证50交易型开放式指数证券投资基金,2026-06-17,601318,中国平安,1000,允许,1,34%,0%,-,上海证券交易所,101
510950,广发上证50交易型开放式指数证券投资基金,2026-06-17,601328,交通银行,2500,允许,1,34%,0%,-,上海证券交易所,101
510950,广发上证50交易型开放式指数证券投资基金,2026-06-17,601398,工商银行,3100,允许,1,34%,0%,-,上海证券交易所,101
510950,广发上证50交易型开放式指数证券投资基金,2026-06-17,601600,中国铝业,800,允许,1,34%,0%,-,上海证券交易所,101
510950,广发上证50交易型开放式指数证券投资基金,2026-06-17,601601,中国太保,400,允许,1,34%,0%,-,上海证券交易所,101
510950,广发上证50交易型开放式指数证券投资基金,2026-06-17,601628,中国人寿,200,允许,1,34%,0%,-,上海证券交易所,101
510950,广发上证50交易型开放式指数证券投资基金,2026-06-17,601658,邮储银行,1100,允许,1,34%,0%,-,上海证券交易所,101
510950,广发上证50交易型开放式指数证券投资基金,2026-06-17,601668,中国建筑,2000,允许,1,34%,0%,-,上海证券交易所,101
510950,广发上证50交易型开放式指数证券投资基金,2026-06-17,601688,华泰证券,600,允许,1,34%,0%,-,上海证券交易所,101
510950,广发上证50交易型开放式指数证券投资基金,2026-06-17,601728,中国电信,1500,允许,1,34%,0%,-,上海证券交易所,101
510950,广发上证50交易型开放式指数证券投资基金,2026-06-17,601857,中国石油,1300,允许,1,34%,0%,-,上海证券交易所,101
510950,广发上证50交易型开放式指数证券投资基金,2026-06-17,601888,中国中免,100,允许,1,34%,0%,-,上海证券交易所,101
510950,广发上证50交易型开放式指数证券投资基金,2026-06-17,601899,紫金矿业,1600,允许,1,34%,0%,-,上海证券交易所,101
510950,广发上证50交易型开放式指数证券投资基金,2026-06-17,601919,中远海控,600,允许,1,34%,0%,-,上海证券交易所,101
510950,广发上证50交易型开放式指数证券投资基金,2026-06-17,601988,中国银行,1400,允许,1,34%,0%,-,上海证券交易所,101
510950,广发上证50交易型开放式指数证券投资基金,2026-06-17,603019,中科曙光,200,允许,1,34%,0%,-,上海证券交易所,101
510950,广发上证50交易型开放式指数证券投资基金,2026-06-17,603259,药明康德,300,允许,1,34%,0%,-,上海证券交易所,101
510950,广发上证50交易型开放式指数证券投资基金,2026-06-17,603501,豪威集团,100,允许,1,34%,0%,-,上海证券交易所,101
510950,广发上证50交易型开放式指数证券投资基金,2026-06-17,603986,兆易创新,100,允许,1,34%,0%,-,上海证券交易所,101
510950,广发上证50交易型开放式指数证券投资基金,2026-06-17,603993,洛阳钼业,900,允许,1,34%,0%,-,上海证券交易所,101
510950,广发上证50交易型开放式指数证券投资基金,2026-06-17,688008,澜起科技,200,允许,1,73%,0%,-,上海证券交易所,101
510950,广发上证50交易型开放式指数证券投资基金,2026-06-17,688012,中微公司,0,必须,2,-,-,            0.000,上海证券交易所,101
510950,广发上证50交易型开放式指数证券投资基金,2026-06-17,688041,海光信息,200,允许,1,73%,0%,-,上海证券交易所,101
510950,广发上证50交易型开放式指数证券投资基金,2026-06-17,688111,金山办公,0,必须,2,-,-,            0.000,上海证券交易所,101
510950,广发上证50交易型开放式指数证券投资基金,2026-06-17,688256,寒武纪,0,必须,2,-,-,            0.000,上海证券交易所,101
510950,广发上证50交易型开放式指数证券投资基金,2026-06-17,688981,中芯国际,200,允许,1,73%,0%,-,上海证券交易所,101
512050,华夏中证A500交易型开放式指数证券投资基金,2026-06-17,000001,平安银行,1200,允许,1,10%,20%,        13128.000,深圳证券交易所,102
512050,华夏中证A500交易型开放式指数证券投资基金,2026-06-17,000002,万科A,900,允许,1,10%,20%,         2763.000,深圳证券交易所,102
512050,华夏中证A500交易型开放式指数证券投资基金,2026-06-17,000032,深桑达A,100,允许,1,10%,20%,         2289.000,深圳证券交易所,102
512050,华夏中证A500交易型开放式指数证券投资基金,2026-06-17,000034,神州数码,100,允许,1,10%,20%,         2647.000,深圳证券交易所,102
512050,华夏中证A500交易型开放式指数证券投资基金,2026-06-17,000035,中国天楹,200,允许,1,10%,20%,         1022.000,深圳证券交易所,102
512050,华夏中证A500交易型开放式指数证券投资基金,2026-06-17,000039,中集集团,200,允许,1,10%,20%,         1832.000,深圳证券交易所,102
512050,华夏中证A500交易型开放式指数证券投资基金,2026-06-17,000063,中兴通讯,400,允许,1,10%,20%,        15200.000,深圳证券交易所,102
512050,华夏中证A500交易型开放式指数证券投资基金,2026-06-17,000066,中国长城,200,允许,1,10%,20%,         3320.000,深圳证券交易所,102
512050,华夏中证A500交易型开放式指数证券投资基金,2026-06-17,000069,华侨城A,400,允许,1,10%,20%,          728.000,深圳证券交易所,102
512050,华夏中证A500交易型开放式指数证券投资基金,2026-06-17,000100,TCL科技,2500,允许,1,10%,20%,        11625.000,深圳证券交易所,102
512050,华夏中证A500交易型开放式指数证券投资基金,2026-06-17,000157,中联重科,600,允许,1,10%,20%,         4548.000,深圳证券交易所,102
512050,华夏中证A500交易型开放式指数证券投资基金,2026-06-17,000301,东方盛虹,300,允许,1,10%,20%,         3735.000,深圳证券交易所,102
512050,华夏中证A500交易型开放式指数证券投资基金,2026-06-17,000333,美的集团,600,允许,1,10%,20%,        47376.000,深圳证券交易所,102
512050,华夏中证A500交易型开放式指数证券投资基金,2026-06-17,000338,潍柴动力,700,允许,1,10%,20%,        19677.000,深圳证券交易所,102
512050,华夏中证A500交易型开放式指数证券投资基金,2026-06-17,000400,许继电气,100,允许,1,10%,20%,         2306.000,深圳证券交易所,102
512050,华夏中证A500交易型开放式指数证券投资基金,2026-06-17,000408,藏格矿业,100,允许,1,10%,20%,         7634.000,深圳证券交易所,102
512050,华夏中证A500交易型开放式指数证券投资基金,2026-06-17,000415,渤海租赁,400,允许,1,10%,20%,         1752.000,深圳证券交易所,102
512050,华夏中证A500交易型开放式指数证券投资基金,2026-06-17,000423,东阿阿胶,100,允许,1,10%,20%,         4797.000,深圳证券交易所,102
512050,华夏中证A500交易型开放式指数证券投资基金,2026-06-17,000425,徐工机械,1000,允许,1,10%,20%,         9190.000,深圳证券交易所,102
512050,华夏中证A500交易型开放式指数证券投资基金,2026-06-17,000426,兴业银锡,200,允许,1,10%,20%,         8002.000,深圳证券交易所,102
512050,华夏中证A500交易型开放式指数证券投资基金,2026-06-17,000519,中兵红箭,100,允许,1,10%,20%,         2042.000,深圳证券交易所,102
512050,华夏中证A500交易型开放式指数证券投资基金,2026-06-17,000538,云南白药,100,允许,1,10%,20%,         4941.000,深圳证券交易所,102
512050,华夏中证A500交易型开放式指数证券投资基金,2026-06-17,000547,航天发展,200,允许,1,10%,20%,         3992.000,深圳证券交易所,102
512050,华夏中证A500交易型开放式指数证券投资基金,2026-06-17,000568,泸州老窖,100,允许,1,10%,20%,         8328.000,深圳证券交易所,102
512050,华夏中证A500交易型开放式指数证券投资基金,2026-06-17,000617,中油资本,300,允许,1,10%,20%,         2208.000,深圳证券交易所,102
512050,华夏中证A500交易型开放式指数证券投资基金,2026-06-17,000623,吉林敖东,100,允许,1,10%,20%,         1788.000,深圳证券交易所,102
512050,华夏中证A500交易型开放式指数证券投资基金,2026-06-17,000625,长安汽车,600,允许,1,10%,20%,         4518.000,深圳证券交易所,102
512050,华夏中证A500交易型开放式指数证券投资基金,2026-06-17,000630,铜陵有色,1000,允许,1,10%,20%,         7570.000,深圳证券交易所,102
512050,华夏中证A500交易型开放式指数证券投资基金,2026-06-17,000651,格力电器,600,允许,1,10%,20%,        22374.000,深圳证券交易所,102
512050,华夏中证A500交易型开放式指数证券投资基金,2026-06-17,000657,中钨高新,100,允许,1,10%,20%,         9250.000,深圳证券交易所,102
512050,华夏中证A500交易型开放式指数证券投资基金,2026-06-17,000661,长春高新,100,允许,1,10%,20%,         6486.000,深圳证券交易所,102
512050,华夏中证A500交易型开放式指数证券投资基金,2026-06-17,000683,博源化工,300,允许,1,10%,20%,         2034.000,深圳证券交易所,102
512050,华夏中证A500交易型开放式指数证券投资基金,2026-06-17,000725,京东方A,4400,允许,1,10%,20%,        26840.000,深圳证券交易所,102
512050,华夏中证A500交易型开放式指数证券投资基金,2026-06-17,000733,振华科技,100,允许,1,10%,20%,         5634.000,深圳证券交易所,102
512050,华夏中证A500交易型开放式指数证券投资基金,2026-06-17,000738,航发控制,100,允许,1,10%,20%,         1903.000,深圳证券交易所,102
512050,华夏中证A500交易型开放式指数证券投资基金,2026-06-17,000768,中航西飞,200,允许,1,10%,20%,         4226.000,深圳证券交易所,102
512050,华夏中证A500交易型开放式指数证券投资基金,2026-06-17,000786,北新建材,100,允许,1,10%,20%,         2056.000,深圳证券交易所,102
512050,华夏中证A500交易型开放式指数证券投资基金,2026-06-17,000792,盐湖股份,400,允许,1,10%,20%,        12460.000,深圳证券交易所,102
512050,华夏中证A500交易型开放式指数证券投资基金,2026-06-17,000807,云铝股份,300,允许,1,10%,20%,         7614.000,深圳证券交易所,102
512050,华夏中证A500交易型开放式指数证券投资基金,2026-06-17,000830,鲁西化工,100,允许,1,10%,20%,         1299.000,深圳证券交易所,102
512050,华夏中证A500交易型开放式指数证券投资基金,2026-06-17,000831,中国稀土,100,允许,1,10%,20%,         6097.000,深圳证券交易所,102
512050,华夏中证A500交易型开放式指数证券投资基金,2026-06-17,000833,粤桂股份,100,允许,1,10%,20%,         2319.000,深圳证券交易所,102
512050,华夏中证A500交易型开放式指数证券投资基金,2026-06-17,000858,五 粮 液,200,允许,1,10%,20%,        15666.000,深圳证券交易所,102
512050,华夏中证A500交易型开放式指数证券投资基金,2026-06-17,000878,云南铜业,200,允许,1,10%,20%,         3564.000,深圳证券交易所,102
512050,华夏中证A500交易型开放式指数证券投资基金,2026-06-17,000887,中鼎股份,100,允许,1,10%,20%,         2235.000,深圳证券交易所,102
512050,华夏中证A500交易型开放式指数证券投资基金,2026-06-17,000932,华菱钢铁,400,允许,1,10%,20%,         1504.000,深圳证券交易所,102
512050,华夏中证A500交易型开放式指数证券投资基金,2026-06-17,000933,神火股份,200,允许,1,10%,20%,         4982.000,深圳证券交易所,102
512050,华夏中证A500交易型开放式指数证券投资基金,2026-06-17,000938,紫光股份,300,允许,1,10%,20%,         8034.000,深圳证券交易所,102
512050,华夏中证A500交易型开放式指数证券投资基金,2026-06-17,000960,锡业股份,100,允许,1,10%,20%,         4164.000,深圳证券交易所,102
512050,华夏中证A500交易型开放式指数证券投资基金,2026-06-17,000963,华东医药,100,允许,1,10%,20%,         2826.000,深圳证券交易所,102
512050,华夏中证A500交易型开放式指数证券投资基金,2026-06-17,000967,盈峰环境,100,允许,1,10%,20%,         1035.000,深圳证券交易所,102
512050,华夏中证A500交易型开放式指数证券投资基金,2026-06-17,000975,山金国际,200,允许,1,10%,20%,         4330.000,深圳证券交易所,102
512050,华夏中证A500交易型开放式指数证券投资基金,2026-06-17,000977,浪潮信息,100,允许,1,10%,20%,         6230.000,深圳证券交易所,102
512050,华夏中证A500交易型开放式指数证券投资基金,2026-06-17,000988,华工科技,100,允许,1,10%,20%,        16400.000,深圳证券交易所,102
512050,华夏中证A500交易型开放式指数证券投资基金,2026-06-17,000998,隆平高科,100,允许,1,10%,20%,          816.000,深圳证券交易所,102
512050,华夏中证A500交易型开放式指数证券投资基金,2026-06-17,000999,华润三九,100,允许,1,10%,20%,         2425.000,深圳证券交易所,102
512050,华夏中证A500交易型开放式指数证券投资基金,2026-06-17,001965,招商公路,200,允许,1,10%,20%,         1934.000,深圳证券交易所,102
512050,华夏中证A500交易型开放式指数证券投资基金,2026-06-17,001979,招商蛇口,500,允许,1,10%,20%,         3780.000,深圳证券交易所,102
512050,华夏中证A500交易型开放式指数证券投资基金,2026-06-17,002001,新和成,200,允许,1,10%,20%,         5530.000,深圳证券交易所,102
512050,华夏中证A500交易型开放式指数证券投资基金,2026-06-17,002007,华兰生物,100,允许,1,10%,20%,         1289.000,深圳证券交易所,102
512050,华夏中证A500交易型开放式指数证券投资基金,2026-06-17,002008,大族激光,100,允许,1,10%,20%,        13662.000,深圳证券交易所,102
512050,华夏中证A500交易型开放式指数证券投资基金,2026-06-17,002025,航天电器,0,必须,2,-,-,            0.000,深圳证券交易所,102
512050,华夏中证A500交易型开放式指数证券投资基金,2026-06-17,002027,分众传媒,1300,允许,1,10%,20%,         6760.000,深圳证券交易所,102
512050,华夏中证A500交易型开放式指数证券投资基金,2026-06-17,002028,思源电气,100,允许,1,10%,20%,        17448.000,深圳证券交易所,102
512050,华夏中证A500交易型开放式指数证券投资基金,2026-06-17,002044,美年健康,400,允许,1,10%,20%,         2020.000,深圳证券交易所,102
512050,华夏中证A500交易型开放式指数证券投资基金,2026-06-17,002049,紫光国微,100,允许,1,10%,20%,         7671.000,深圳证券交易所,102
512050,华夏中证A500交易型开放式指数证券投资基金,2026-06-17,002050,三花智控,300,允许,1,10%,20%,        13536.000,深圳证券交易所,102
512050,华夏中证A500交易型开放式指数证券投资基金,2026-06-17,002064,华峰化学,300,允许,1,10%,20%,         3213.000,深圳证券交易所,102
512050,华夏中证A500交易型开放式指数证券投资基金,2026-06-17,002065,东华软件,300,允许,1,10%,20%,         2190.000,深圳证券交易所,102
512050,华夏中证A500交易型开放式指数证券投资基金,2026-06-17,002074,国轩高科,100,允许,1,10%,20%,         3029.000,深圳证券交易所,102
512050,华夏中证A500交易型开放式指数证券投资基金,2026-06-17,002078,太阳纸业,200,允许,1,10%,20%,         2648.000,深圳证券交易所,102
512050,华夏中证A500交易型开放式指数证券投资基金,2026-06-17,002080,中材科技,100,允许,1,10%,20%,         7492.000,深圳证券交易所,102
512050,华夏中证A500交易型开放式指数证券投资基金,2026-06-17,002085,万丰奥威,200,允许,1,10%,20%,         2678.000,深圳证券交易所,102
512050,华夏中证A500交易型开放式指数证券投资基金,2026-06-17,002091,江苏国泰,100,允许,1,10%,20%,          797.000,深圳证券交易所,102
512050,华夏中证A500交易型开放式指数证券投资基金,2026-06-17,002120,韵达股份,200,允许,1,10%,20%,         1262.000,深圳证券交易所,102
512050,华夏中证A500交易型开放式指数证券投资基金,2026-06-17,002126,银轮股份,100,允许,1,10%,20%,         5051.000,深圳证券交易所,102
512050,华夏中证A500交易型开放式指数证券投资基金,2026-06-17,002128,电投能源,100,允许,1,10%,20%,         2495.000,深圳证券交易所,102
512050,华夏中证A500交易型开放式指数证券投资基金,2026-06-17,002129,TCL中环,400,允许,1,10%,20%,         4132.000,深圳证券交易所,102
512050,华夏中证A500交易型开放式指数证券投资基金,2026-06-17,002130,沃尔核材,100,允许,1,10%,20%,         2084.000,深圳证券交易所,102
512050,华夏中证A500交易型开放式指数证券投资基金,2026-06-17,002131,利欧股份,900,允许,1,10%,20%,         4896.000,深圳证券交易所,102
512050,华夏中证A500交易型开放式指数证券投资基金,2026-06-17,002138,顺络电子,100,允许,1,10%,20%,         6129.000,深圳证券交易所,102
512050,华夏中证A500交易型开放式指数证券投资基金,2026-06-17,002155,湖南黄金,100,允许,1,10%,20%,         2660.000,深圳证券交易所,102
512050,华夏中证A500交易型开放式指数证券投资基金,2026-06-17,002156,通富微电,100,允许,1,10%,20%,         6293.000,深圳证券交易所,102
512050,华夏中证A500交易型开放式指数证券投资基金,2026-06-17,002176,江特电机,200,允许,1,10%,20%,         2352.000,深圳证券交易所,102
512050,华夏中证A500交易型开放式指数证券投资基金,2026-06-17,002179,中航光电,200,允许,1,10%,20%,         7622.000,深圳证券交易所,102
512050,华夏中证A500交易型开放式指数证券投资基金,2026-06-17,002185,华天科技,300,允许,1,10%,20%,         5346.000,深圳证券交易所,102
512050,华夏中证A500交易型开放式指数证券投资基金,2026-06-17,002195,岩山科技,700,允许,1,10%,20%,         5068.000,深圳证券交易所,102
512050,华夏中证A500交易型开放式指数证券投资基金,2026-06-17,002202,金风科技,300,允许,1,10%,20%,         6531.000,深圳证券交易所,102
512050,华夏中证A500交易型开放式指数证券投资基金,2026-06-17,002223,鱼跃医疗,100,允许,1,10%,20%,         2546.000,深圳证券交易所,102
512050,华夏中证A500交易型开放式指数证券投资基金,2026-06-17,002230,科大讯飞,200,允许,1,10%,20%,         8256.000,深圳证券交易所,102
512050,华夏中证A500交易型开放式指数证券投资基金,2026-06-17,002236,大华股份,200,允许,1,10%,20%,         3282.000,深圳证券交易所,102
512050,华夏中证A500交易型开放式指数证券投资基金,2026-06-17,002241,歌尔股份,300,允许,1,10%,20%,         7005.000,深圳证券交易所,102
512050,华夏中证A500交易型开放式指数证券投资基金,2026-06-17,002244,滨江集团,100,允许,1,10%,20%,          868.000,深圳证券交易所,102
512050,华夏中证A500交易型开放式指数证券投资基金,2026-06-17,002252,上海莱士,600,允许,1,10%,20%,         2874.000,深圳证券交易所,102
512050,华夏中证A500交易型开放式指数证券投资基金,2026-06-17,002266,浙富控股,400,允许,1,10%,20%,         1988.000,深圳证券交易所,102
512050,华夏中证A500交易型开放式指数证券投资基金,2026-06-17,002271,东方雨虹,200,允许,1,10%,20%,         2562.000,深圳证券交易所,102
512050,华夏中证A500交易型开放式指数证券投资基金,2026-06-17,002273,水晶光电,200,允许,1,10%,20%,         7174.000,深圳证券交易所,102
512050,华夏中证A500交易型开放式指数证券投资基金,2026-06-17,002281,光迅科技,100,允许,1,10%,20%,        23001.000,深圳证券交易所,102
512050,华夏中证A500交易型开放式指数证券投资基金,2026-06-17,002292,奥飞娱乐,100,允许,1,10%,20%,          671.000,深圳证券交易所,102
512050,华夏中证A500交易型开放式指数证券投资基金,2026-06-17,002294,信立泰,100,允许,1,10%,20%,         3035.000,深圳证券交易所,102
512050,华夏中证A500交易型开放式指数证券投资基金,2026-06-17,002318,久立特材,100,允许,1,10%,20%,         2309.000,深圳证券交易所,102
512050,华夏中证A500交易型开放式指数证券投资基金,2026-06-17,002340,格林美,600,允许,1,10%,20%,         4578.000,深圳证券交易所,102
512050,华夏中证A500交易型开放式指数证券投资基金,2026-06-17,002352,顺丰控股,300,允许,1,10%,20%,         9738.000,深圳证券交易所,102
512050,华夏中证A500交易型开放式指数证券投资基金,2026-06-17,002353,杰瑞股份,100,允许,1,10%,20%,        15251.000,深圳证券交易所,102
512050,华夏中证A500交易型开放式指数证券投资基金,2026-06-17,002371,北方华创,100,允许,1,10%,20%,        67219.000,深圳证券交易所,102
512050,华夏中证A500交易型开放式指数证券投资基金,2026-06-17,002384,东山精密,200,允许,1,10%,20%,        49812.000,深圳证券交易所,102
512050,华夏中证A500交易型开放式指数证券投资基金,2026-06-17,002389,航天彩虹,100,允许,1,10%,20%,         1916.000,深圳证券交易所,102
512050,华夏中证A500交易型开放式指数证券投资基金,2026-06-17,002405,四维图新,300,允许,1,10%,20%,         2208.000,深圳证券交易所,102
512050,华夏中证A500交易型开放式指数证券投资基金,2026-06-17,002407,多氟多,100,允许,1,10%,20%,         3933.000,深圳证券交易所,102
512050,华夏中证A500交易型开放式指数证券投资基金,2026-06-17,002410,广联达,200,允许,1,10%,20%,         1766.000,深圳证券交易所,102
512050,华夏中证A500交易型开放式指数证券投资基金,2026-06-17,002414,高德红外,200,允许,1,10%,20%,         2692.000,深圳证券交易所,102
512050,华夏中证A500交易型开放式指数证券投资基金,2026-06-17,002415,海康威视,400,允许,1,10%,20%,        12880.000,深圳证券交易所,102
512050,华夏中证A500交易型开放式指数证券投资基金,2026-06-17,002422,科伦药业,100,允许,1,10%,20%,         3600.000,深圳证券交易所,102
512050,华夏中证A500交易型开放式指数证券投资基金,2026-06-17,002432,九安医疗,0,必须,2,-,-,            0.000,深圳证券交易所,102
512050,华夏中证A500交易型开放式指数证券投资基金,2026-06-17,002436,兴森科技,200,允许,1,10%,20%,         8820.000,深圳证券交易所,102
512050,华夏中证A500交易型开放式指数证券投资基金,2026-06-17,002444,巨星科技,100,允许,1,10%,20%,         3062.000,深圳证券交易所,102
512050,华夏中证A500交易型开放式指数证券投资基金,2026-06-17,002456,欧菲光,400,允许,1,10%,20%,         3744.000,深圳证券交易所,102
512050,华夏中证A500交易型开放式指数证券投资基金,2026-06-17,002459,晶澳科技,200,允许,1,10%,20%,         1738.000,深圳证券交易所,102
512050,华夏中证A500交易型开放式指数证券投资基金,2026-06-17,002460,赣锋锂业,100,允许,1,10%,20%,         7145.000,深圳证券交易所,102
512050,华夏中证A500交易型开放式指数证券投资基金,2026-06-17,002463,沪电股份,200,允许,1,10%,20%,        28128.000,深圳证券交易所,102
512050,华夏中证A500交易型开放式指数证券投资基金,2026-06-17,002465,海格通信,300,允许,1,10%,20%,         4170.000,深圳证券交易所,102
512050,华夏中证A500交易型开放式指数证券投资基金,2026-06-17,002466,天齐锂业,100,允许,1,10%,20%,         6399.000,深圳证券交易所,102
512050,华夏中证A500交易型开放式指数证券投资基金,2026-06-17,002472,双环传动,100,允许,1,10%,20%,         4231.000,深圳证券交易所,102
512050,华夏中证A500交易型开放式指数证券投资基金,2026-06-17,002475,立讯精密,600,允许,1,10%,20%,        40356.000,深圳证券交易所,102
512050,华夏中证A500交易型开放式指数证券投资基金,2026-06-17,002493,荣盛石化,400,允许,1,10%,20%,         4660.000,深圳证券交易所,102
512050,华夏中证A500交易型开放式指数证券投资基金,2026-06-17,002497,雅化集团,100,允许,1,10%,20%,         2289.000,深圳证券交易所,102
512050,华夏中证A500交易型开放式指数证券投资基金,2026-06-17,002517,恺英网络,200,允许,1,10%,20%,         2946.000,深圳证券交易所,102
512050,华夏中证A500交易型开放式指数证券投资基金,2026-06-17,002532,天山铝业,400,允许,1,10%,20%,         5084.000,深圳证券交易所,102
512050,华夏中证A500交易型开放式指数证券投资基金,2026-06-17,002544,普天科技,100,允许,1,10%,20%,         2015.000,深圳证券交易所,102
512050,华夏中证A500交易型开放式指数证券投资基金,2026-06-17,002555,三七互娱,200,允许,1,10%,20%,         3566.000,深圳证券交易所,102
512050,华夏中证A500交易型开放式指数证券投资基金,2026-06-17,002558,巨人网络,200,允许,1,10%,20%,         4856.000,深圳证券交易所,102
512050,华夏中证A500交易型开放式指数证券投资基金,2026-06-17,002572,索菲亚,100,允许,1,10%,20%,          831.000,深圳证券交易所,102
512050,华夏中证A500交易型开放式指数证券投资基金,2026-06-17,002594,比亚迪,300,允许,1,10%,20%,        26892.000,深圳证券交易所,102
512050,华夏中证A500交易型开放式指数证券投资基金,2026-06-17,002595,豪迈科技,100,允许,1,10%,20%,         4809.000,深圳证券交易所,102
512050,华夏中证A500交易型开放式指数证券投资基金,2026-06-17,002600,领益智造,400,允许,1,10%,20%,         6276.000,深圳证券交易所,102
512050,华夏中证A500交易型开放式指数证券投资基金,2026-06-17,002601,龙佰集团,200,允许,1,10%,20%,         3080.000,深圳证券交易所,102
512050,华夏中证A500交易型开放式指数证券投资基金,2026-06-17,002602,世纪华通,700,允许,1,10%,20%,         9275.000,深圳证券交易所,102
512050,华夏中证A500交易型开放式指数证券投资基金,2026-06-17,002603,以岭药业,100,允许,1,10%,20%,         1511.000,深圳证券交易所,102
512050,华夏中证A500交易型开放式指数证券投资基金,2026-06-17,002607,中公教育,800,允许,1,10%,20%,         1632.000,深圳证券交易所,102
512050,华夏中证A500交易型开放式指数证券投资基金,2026-06-17,002625,光启技术,200,允许,1,10%,20%,         7600.000,深圳证券交易所,102
512050,华夏中证A500交易型开放式指数证券投资基金,2026-06-17,002648,卫星化学,200,允许,1,10%,20%,         4466.000,深圳证券交易所,102
512050,华夏中证A500交易型开放式指数证券投资基金,2026-06-17,002709,天赐材料,200,允许,1,10%,20%,        10456.000,深圳证券交易所,102
512050,华夏中证A500交易型开放式指数证券投资基金,2026-06-17,002714,牧原股份,300,允许,1,10%,20%,        10515.000,深圳证券交易所,102
512050,华夏中证A500交易型开放式指数证券投资基金,2026-06-17,002738,中矿资源,100,允许,1,10%,20%,         6180.000,深圳证券交易所,102
512050,华夏中证A500交易型开放式指数证券投资基金,2026-06-17,002756,永兴材料,100,允许,1,10%,20%,         6285.000,深圳证券交易所,102
512050,华夏中证A500交易型开放式指数证券投资基金,2026-06-17,002812,恩捷股份,100,允许,1,10%,20%,         6977.000,深圳证券交易所,102
512050,华夏中证A500交易型开放式指数证券投资基金,2026-06-17,002821,凯莱英,0,必须,2,-,-,            0.000,深圳证券交易所,102
512050,华夏中证A500交易型开放式指数证券投资基金,2026-06-17,002831,裕同科技,100,允许,1,10%,20%,         3080.000,深圳证券交易所,102
512050,华夏中证A500交易型开放式指数证券投资基金,2026-06-17,002837,英维克,100,允许,1,10%,20%,         7319.000,深圳证券交易所,102
512050,华夏中证A500交易型开放式指数证券投资基金,2026-06-17,002851,麦格米特,100,允许,1,10%,20%,        16364.000,深圳证券交易所,102
512050,华夏中证A500交易型开放式指数证券投资基金,2026-06-17,002891,中宠股份,0,必须,2,-,-,            0.000,深圳证券交易所,102
512050,华夏中证A500交易型开放式指数证券投资基金,2026-06-17,002916,深南电路,0,必须,2,-,-,            0.000,深圳证券交易所,102
512050,华夏中证A500交易型开放式指数证券投资基金,2026-06-17,002920,德赛西威,0,必须,2,-,-,            0.000,深圳证券交易所,102
512050,华夏中证A500交易型开放式指数证券投资基金,2026-06-17,002938,鹏鼎控股,100,允许,1,10%,20%,        10819.000,深圳证券交易所,102
512050,华夏中证A500交易型开放式指数证券投资基金,2026-06-17,003816,中国广核,900,允许,1,10%,20%,         3834.000,深圳证券交易所,102
512050,华夏中证A500交易型开放式指数证券投资基金,2026-06-17,300001,特锐德,100,允许,1,10%,20%,         3901.000,深圳证券交易所,102
512050,华夏中证A500交易型开放式指数证券投资基金,2026-06-17,300003,乐普医疗,200,允许,1,10%,20%,         2360.000,深圳证券交易所,102
512050,华夏中证A500交易型开放式指数证券投资基金,2026-06-17,300012,华测检测,200,允许,1,10%,20%,         2800.000,深圳证券交易所,102
512050,华夏中证A500交易型开放式指数证券投资基金,2026-06-17,300014,亿纬锂能,200,允许,1,10%,20%,        13376.000,深圳证券交易所,102
512050,华夏中证A500交易型开放式指数证券投资基金,2026-06-17,300015,爱尔眼科,600,允许,1,10%,20%,         4968.000,深圳证券交易所,102
512050,华夏中证A500交易型开放式指数证券投资基金,2026-06-17,300017,网宿科技,300,允许,1,10%,20%,         4371.000,深圳证券交易所,102
512050,华夏中证A500交易型开放式指数证券投资基金,2026-06-17,300024,机器人,200,允许,1,10%,20%,         3592.000,深圳证券交易所,102
512050,华夏中证A500交易型开放式指数证券投资基金,2026-06-17,300033,同花顺,0,必须,2,-,-,            0.000,深圳证券交易所,102
512050,华夏中证A500交易型开放式指数证券投资基金,2026-06-17,300037,新宙邦,100,允许,1,10%,20%,         8040.000,深圳证券交易所,102
512050,华夏中证A500交易型开放式指数证券投资基金,2026-06-17,300049,福瑞医科,0,必须,2,-,-,            0.000,深圳证券交易所,102
512050,华夏中证A500交易型开放式指数证券投资基金,2026-06-17,300054,鼎龙股份,100,允许,1,10%,20%,         8440.000,深圳证券交易所,102
512050,华夏中证A500交易型开放式指数证券投资基金,2026-06-17,300058,蓝色光标,400,允许,1,10%,20%,         6032.000,深圳证券交易所,102
512050,华夏中证A500交易型开放式指数证券投资基金,2026-06-17,300059,东方财富,1500,允许,1,10%,20%,        28680.000,深圳证券交易所,102
512050,华夏中证A500交易型开放式指数证券投资基金,2026-06-17,300070,碧水源,200,允许,1,10%,20%,          690.000,深圳证券交易所,102
512050,华夏中证A500交易型开放式指数证券投资基金,2026-06-17,300073,当升科技,100,允许,1,10%,20%,         5298.000,深圳证券交易所,102
512050,华夏中证A500交易型开放式指数证券投资基金,2026-06-17,300083,创世纪,200,允许,1,10%,20%,         2272.000,深圳证券交易所,102
512050,华夏中证A500交易型开放式指数证券投资基金,2026-06-17,300100,双林股份,0,必须,2,-,-,            0.000,深圳证券交易所,102
512050,华夏中证A500交易型开放式指数证券投资基金,2026-06-17,300115,长盈精密,100,允许,1,10%,20%,         3092.000,深圳证券交易所,102
512050,华夏中证A500交易型开放式指数证券投资基金,2026-06-17,300118,东方日升,100,允许,1,10%,20%,         1419.000,深圳证券交易所,102
512050,华夏中证A500交易型开放式指数证券投资基金,2026-06-17,300122,智飞生物,200,允许,1,10%,20%,         2496.000,深圳证券交易所,102
512050,华夏中证A500交易型开放式指数证券投资基金,2026-06-17,300124,汇川技术,200,允许,1,10%,20%,        14048.000,深圳证券交易所,102
512050,华夏中证A500交易型开放式指数证券投资基金,2026-06-17,300136,信维通信,100,允许,1,10%,20%,        10016.000,深圳证券交易所,102
512050,华夏中证A500交易型开放式指数证券投资基金,2026-06-17,300142,沃森生物,200,允许,1,10%,20%,         2428.000,深圳证券交易所,102
512050,华夏中证A500交易型开放式指数证券投资基金,2026-06-17,300144,宋城演艺,200,允许,1,10%,20%,         1254.000,深圳证券交易所,102
512050,华夏中证A500交易型开放式指数证券投资基金,2026-06-17,300207,欣旺达,200,允许,1,10%,20%,         4240.000,深圳证券交易所,102
512050,华夏中证A500交易型开放式指数证券投资基金,2026-06-17,300223,北京君正,100,允许,1,10%,20%,        16202.000,深圳证券交易所,102
512050,华夏中证A500交易型开放式指数证券投资基金,2026-06-17,300251,光线传媒,200,允许,1,10%,20%,         2328.000,深圳证券交易所,102
512050,华夏中证A500交易型开放式指数证券投资基金,2026-06-17,300274,阳光电源,200,允许,1,10%,20%,        30498.000,深圳证券交易所,102
512050,华夏中证A500交易型开放式指数证券投资基金,2026-06-17,300308,中际旭创,100,允许,1,10%,20%,       124809.000,深圳证券交易所,102
512050,华夏中证A500交易型开放式指数证券投资基金,2026-06-17,300316,晶盛机电,100,允许,1,10%,20%,         5169.000,深圳证券交易所,102
512050,华夏中证A500交易型开放式指数证券投资基金,2026-06-17,300339,润和软件,100,允许,1,10%,20%,         4088.000,深圳证券交易所,102
512050,华夏中证A500交易型开放式指数证券投资基金,2026-06-17,300342,天银机电,100,允许,1,10%,20%,         4482.000,深圳证券交易所,102
512050,华夏中证A500交易型开放式指数证券投资基金,2026-06-17,300346,南大光电,100,允许,1,10%,20%,         6331.000,深圳证券交易所,102
512050,华夏中证A500交易型开放式指数证券投资基金,2026-06-17,300347,泰格医药,100,允许,1,10%,20%,         3936.000,深圳证券交易所,102
512050,华夏中证A500交易型开放式指数证券投资基金,2026-06-17,300390,天华新能,100,允许,1,10%,20%,         9342.000,深圳证券交易所,102
512050,华夏中证A500交易型开放式指数证券投资基金,2026-06-17,300394,天孚通信,100,允许,1,10%,20%,        32471.000,深圳证券交易所,102
512050,华夏中证A500交易型开放式指数证券投资基金,2026-06-17,300395,菲利华,100,允许,1,10%,20%,        13145.000,深圳证券交易所,102
512050,华夏中证A500交易型开放式指数证券投资基金,2026-06-17,300408,三环集团,200,允许,1,10%,20%,        30044.000,深圳证券交易所,102
512050,华夏中证A500交易型开放式指数证券投资基金,2026-06-17,300409,道氏技术,100,允许,1,10%,20%,         2230.000,深圳证券交易所,102
512050,华夏中证A500交易型开放式指数证券投资基金,2026-06-17,300418,昆仑万维,100,允许,1,10%,20%,         3861.000,深圳证券交易所,102
512050,华夏中证A500交易型开放式指数证券投资基金,2026-06-17,300432,富临精工,100,允许,1,10%,20%,         2356.000,深圳证券交易所,102
512050,华夏中证A500交易型开放式指数证券投资基金,2026-06-17,300433,蓝思科技,200,允许,1,10%,20%,         9670.000,深圳证券交易所,102
512050,华夏中证A500交易型开放式指数证券投资基金,2026-06-17,300438,鹏辉能源,100,允许,1,10%,20%,         7699.000,深圳证券交易所,102
512050,华夏中证A500交易型开放式指数证券投资基金,2026-06-17,300442,润泽科技,100,允许,1,10%,20%,         7937.000,深圳证券交易所,102
512050,华夏中证A500交易型开放式指数证券投资基金,2026-06-17,300450,先导智能,100,允许,1,10%,20%,         4940.000,深圳证券交易所,102
512050,华夏中证A500交易型开放式指数证券投资基金,2026-06-17,300454,深信服,0,必须,2,-,-,            0.000,深圳证券交易所,102
512050,华夏中证A500交易型开放式指数证券投资基金,2026-06-17,300457,赢合科技,100,允许,1,10%,20%,         2537.000,深圳证券交易所,102
512050,华夏中证A500交易型开放式指数证券投资基金,2026-06-17,300458,全志科技,100,允许,1,10%,20%,         3322.000,深圳证券交易所,102
512050,华夏中证A500交易型开放式指数证券投资基金,2026-06-17,300474,景嘉微,100,允许,1,10%,20%,         5390.000,深圳证券交易所,102
512050,华夏中证A500交易型开放式指数证券投资基金,2026-06-17,300475,香农芯创,0,必须,2,-,-,            0.000,深圳证券交易所,102
512050,华夏中证A500交易型开放式指数证券投资基金,2026-06-17,300476,胜宏科技,100,允许,1,10%,20%,        35548.000,深圳证券交易所,102
512050,华夏中证A500交易型开放式指数证券投资基金,2026-06-17,300496,中科创达,100,允许,1,10%,20%,         6197.000,深圳证券交易所,102
512050,华夏中证A500交易型开放式指数证券投资基金,2026-06-17,300502,新易盛,200,允许,1,10%,20%,       109800.000,深圳证券交易所,102
512050,华夏中证A500交易型开放式指数证券投资基金,2026-06-17,300558,贝达药业,0,必须,2,-,-,            0.000,深圳证券交易所,102
512050,华夏中证A500交易型开放式指数证券投资基金,2026-06-17,300567,精测电子,0,必须,2,-,-,            0.000,深圳证券交易所,102
512050,华夏中证A500交易型开放式指数证券投资基金,2026-06-17,300568,星源材质,200,允许,1,10%,20%,         3936.000,深圳证券交易所,102
512050,华夏中证A500交易型开放式指数证券投资基金,2026-06-17,300573,兴齐眼药,0,必须,2,-,-,            0.000,深圳证券交易所,102
512050,华夏中证A500交易型开放式指数证券投资基金,2026-06-17,300601,康泰生物,100,允许,1,10%,20%,         1160.000,深圳证券交易所,102
512050,华夏中证A500交易型开放式指数证券投资基金,2026-06-17,300604,长川科技,100,允许,1,10%,20%,        24040.000,深圳证券交易所,102
512050,华夏中证A500交易型开放式指数证券投资基金,2026-06-17,300661,圣邦股份,100,允许,1,10%,20%,        12750.000,深圳证券交易所,102
512050,华夏中证A500交易型开放式指数证券投资基金,2026-06-17,300676,华大基因,0,必须,2,-,-,            0.000,深圳证券交易所,102
512050,华夏中证A500交易型开放式指数证券投资基金,2026-06-17,300677,英科医疗,100,允许,1,10%,20%,         4192.000,深圳证券交易所,102
512050,华夏中证A500交易型开放式指数证券投资基金,2026-06-17,300699,光威复材,100,允许,1,10%,20%,         2905.000,深圳证券交易所,102
512050,华夏中证A500交易型开放式指数证券投资基金,2026-06-17,300724,捷佳伟创,0,必须,2,-,-,            0.000,深圳证券交易所,102
512050,华夏中证A500交易型开放式指数证券投资基金,2026-06-17,300748,金力永磁,100,允许,1,10%,20%,         3313.000,深圳证券交易所,102
512050,华夏中证A500交易型开放式指数证券投资基金,2026-06-17,300750,宁德时代,300,允许,1,10%,20%,       121059.000,深圳证券交易所,102
512050,华夏中证A500交易型开放式指数证券投资基金,2026-06-17,300751,迈为股份,0,必须,2,-,-,            0.000,深圳证券交易所,102
512050,华夏中证A500交易型开放式指数证券投资基金,2026-06-17,300757,罗博特科,0,必须,2,-,-,            0.000,深圳证券交易所,102
512050,华夏中证A500交易型开放式指数证券投资基金,2026-06-17,300759,康龙化成,100,允许,1,10%,20%,         2199.000,深圳证券交易所,102
512050,华夏中证A500交易型开放式指数证券投资基金,2026-06-17,300760,迈瑞医疗,100,允许,1,10%,20%,        14290.000,深圳证券交易所,102
512050,华夏中证A500交易型开放式指数证券投资基金,2026-06-17,300763,锦浪科技,0,必须,2,-,-,            0.000,深圳证券交易所,102
512050,华夏中证A500交易型开放式指数证券投资基金,2026-06-17,300782,卓胜微,100,允许,1,10%,20%,         9771.000,深圳证券交易所,102
512050,华夏中证A500交易型开放式指数证券投资基金,2026-06-17,300803,指南针,100,允许,1,10%,20%,         9650.000,深圳证券交易所,102
512050,华夏中证A500交易型开放式指数证券投资基金,2026-06-17,300832,新产业,100,允许,1,10%,20%,         4317.000,深圳证券交易所,102
512050,华夏中证A500交易型开放式指数证券投资基金,2026-06-17,300857,协创数据,100,允许,1,10%,20%,        23750.000,深圳证券交易所,102
512050,华夏中证A500交易型开放式指数证券投资基金,2026-06-17,300866,安克创新,0,必须,2,-,-,            0.000,深圳证券交易所,102
512050,华夏中证A500交易型开放式指数证券投资基金,2026-06-17,300896,爱美客,0,必须,2,-,-,            0.000,深圳证券交易所,102
512050,华夏中证A500交易型开放式指数证券投资基金,2026-06-17,300919,中伟新材,100,允许,1,10%,20%,         4992.000,深圳证券交易所,102
512050,华夏中证A500交易型开放式指数证券投资基金,2026-06-17,300972,万辰集团,0,必须,2,-,-,            0.000,深圳证券交易所,102
512050,华夏中证A500交易型开放式指数证券投资基金,2026-06-17,301078,孩子王,100,允许,1,10%,20%,          786.000,深圳证券交易所,102
512050,华夏中证A500交易型开放式指数证券投资基金,2026-06-17,301236,软通动力,100,允许,1,10%,20%,         4019.000,深圳证券交易所,102
512050,华夏中证A500交易型开放式指数证券投资基金,2026-06-17,301308,江波龙,0,必须,2,-,-,            0.000,深圳证券交易所,102
512050,华夏中证A500交易型开放式指数证券投资基金,2026-06-17,301358,湖南裕能,100,允许,1,10%,20%,         7510.000,深圳证券交易所,102
512050,华夏中证A500交易型开放式指数证券投资基金,2026-06-17,301550,斯菱智驱,0,必须,2,-,-,            0.000,深圳证券交易所,102
512050,华夏中证A500交易型开放式指数证券投资基金,2026-06-17,302132,中航成飞,0,必须,2,-,-,            0.000,深圳证券交易所,102
512050,华夏中证A500交易型开放式指数证券投资基金,2026-06-17,600000,浦发银行,1600,允许,1,34%,0%,-,上海证券交易所,101
512050,华夏中证A500交易型开放式指数证券投资基金,2026-06-17,600004,白云机场,100,允许,1,34%,0%,-,上海证券交易所,101
512050,华夏中证A500交易型开放式指数证券投资基金,2026-06-17,600008,首创环保,500,允许,1,34%,0%,-,上海证券交易所,101
512050,华夏中证A500交易型开放式指数证券投资基金,2026-06-17,600009,上海机场,100,允许,1,34%,0%,-,上海证券交易所,101
512050,华夏中证A500交易型开放式指数证券投资基金,2026-06-17,600010,包钢股份,2800,允许,1,34%,0%,-,上海证券交易所,101
512050,华夏中证A500交易型开放式指数证券投资基金,2026-06-17,600011,华能国际,500,允许,1,34%,0%,-,上海证券交易所,101
512050,华夏中证A500交易型开放式指数证券投资基金,2026-06-17,600018,上港集团,400,允许,1,34%,0%,-,上海证券交易所,101
512050,华夏中证A500交易型开放式指数证券投资基金,2026-06-17,600019,宝钢股份,1100,允许,1,34%,0%,-,上海证券交易所,101
512050,华夏中证A500交易型开放式指数证券投资基金,2026-06-17,600026,中远海能,200,允许,1,34%,0%,-,上海证券交易所,101
512050,华夏中证A500交易型开放式指数证券投资基金,2026-06-17,600028,中国石化,1800,允许,1,34%,0%,-,上海证券交易所,101
512050,华夏中证A500交易型开放式指数证券投资基金,2026-06-17,600029,南方航空,600,允许,1,34%,0%,-,上海证券交易所,101
512050,华夏中证A500交易型开放式指数证券投资基金,2026-06-17,600030,中信证券,1200,允许,1,34%,0%,-,上海证券交易所,101
512050,华夏中证A500交易型开放式指数证券投资基金,2026-06-17,600031,三一重工,700,允许,1,34%,0%,-,上海证券交易所,101
512050,华夏中证A500交易型开放式指数证券投资基金,2026-06-17,600036,招商银行,1500,允许,1,34%,0%,-,上海证券交易所,101
512050,华夏中证A500交易型开放式指数证券投资基金,2026-06-17,600038,中直股份,100,允许,1,34%,0%,-,上海证券交易所,101
512050,华夏中证A500交易型开放式指数证券投资基金,2026-06-17,600039,四川路桥,300,允许,1,34%,0%,-,上海证券交易所,101
512050,华夏中证A500交易型开放式指数证券投资基金,2026-06-17,600048,保利发展,800,允许,1,34%,0%,-,上海证券交易所,101
512050,华夏中证A500交易型开放式指数证券投资基金,2026-06-17,600050,中国联通,2000,允许,1,34%,0%,-,上海证券交易所,101
512050,华夏中证A500交易型开放式指数证券投资基金,2026-06-17,600064,南京高科,200,允许,1,34%,0%,-,上海证券交易所,101
512050,华夏中证A500交易型开放式指数证券投资基金,2026-06-17,600066,宇通客车,200,允许,1,34%,0%,-,上海证券交易所,101
512050,华夏中证A500交易型开放式指数证券投资基金,2026-06-17,600085,同仁堂,100,允许,1,34%,0%,-,上海证券交易所,101
512050,华夏中证A500交易型开放式指数证券投资基金,2026-06-17,600089,特变电工,600,允许,1,34%,0%,-,上海证券交易所,101
512050,华夏中证A500交易型开放式指数证券投资基金,2026-06-17,600096,云天化,200,允许,1,34%,0%,-,上海证券交易所,101
512050,华夏中证A500交易型开放式指数证券投资基金,2026-06-17,600104,上汽集团,500,允许,1,34%,0%,-,上海证券交易所,101
512050,华夏中证A500交易型开放式指数证券投资基金,2026-06-17,600111,北方稀土,300,允许,1,34%,0%,-,上海证券交易所,101
512050,华夏中证A500交易型开放式指数证券投资基金,2026-06-17,600115,中国东航,1100,允许,1,34%,0%,-,上海证券交易所,101
512050,华夏中证A500交易型开放式指数证券投资基金,2026-06-17,600118,中国卫星,100,允许,1,34%,0%,-,上海证券交易所,101
512050,华夏中证A500交易型开放式指数证券投资基金,2026-06-17,600141,兴发集团,100,允许,1,34%,0%,-,上海证券交易所,101
512050,华夏中证A500交易型开放式指数证券投资基金,2026-06-17,600143,金发科技,300,允许,1,34%,0%,-,上海证券交易所,101
512050,华夏中证A500交易型开放式指数证券投资基金,2026-06-17,600150,中国船舶,500,允许,1,34%,0%,-,上海证券交易所,101
512050,华夏中证A500交易型开放式指数证券投资基金,2026-06-17,600153,建发股份,200,允许,1,34%,0%,-,上海证券交易所,101
512050,华夏中证A500交易型开放式指数证券投资基金,2026-06-17,600157,永泰能源,2700,允许,1,34%,0%,-,上海证券交易所,101
512050,华夏中证A500交易型开放式指数证券投资基金,2026-06-17,600160,巨化股份,200,允许,1,34%,0%,-,上海证券交易所,101
512050,华夏中证A500交易型开放式指数证券投资基金,2026-06-17,600161,天坛生物,100,允许,1,34%,0%,-,上海证券交易所,101
512050,华夏中证A500交易型开放式指数证券投资基金,2026-06-17,600166,福田汽车,600,允许,1,34%,0%,-,上海证券交易所,101
512050,华夏中证A500交易型开放式指数证券投资基金,2026-06-17,600170,上海建工,600,允许,1,34%,0%,-,上海证券交易所,101
512050,华夏中证A500交易型开放式指数证券投资基金,2026-06-17,600176,中国巨石,300,允许,1,34%,0%,-,上海证券交易所,101
512050,华夏中证A500交易型开放式指数证券投资基金,2026-06-17,600177,雅戈尔,300,允许,1,34%,0%,-,上海证券交易所,101
512050,华夏中证A500交易型开放式指数证券投资基金,2026-06-17,600183,生益科技,200,允许,1,34%,0%,-,上海证券交易所,101
512050,华夏中证A500交易型开放式指数证券投资基金,2026-06-17,600196,复星医药,200,允许,1,34%,0%,-,上海证券交易所,101
512050,华夏中证A500交易型开放式指数证券投资基金,2026-06-17,600208,衢州发展,500,允许,1,34%,0%,-,上海证券交易所,101
512050,华夏中证A500交易型开放式指数证券投资基金,2026-06-17,600219,南山铝业,800,允许,1,34%,0%,-,上海证券交易所,101
512050,华夏中证A500交易型开放式指数证券投资基金,2026-06-17,600221,海航控股,3100,允许,1,34%,0%,-,上海证券交易所,101
512050,华夏中证A500交易型开放式指数证券投资基金,2026-06-17,600226,亨通股份,300,允许,1,34%,0%,-,上海证券交易所,101
512050,华夏中证A500交易型开放式指数证券投资基金,2026-06-17,600233,圆通速递,200,允许,1,34%,0%,-,上海证券交易所,101
512050,华夏中证A500交易型开放式指数证券投资基金,2026-06-17,600258,首旅酒店,100,允许,1,34%,0%,-,上海证券交易所,101
512050,华夏中证A500交易型开放式指数证券投资基金,2026-06-17,600276,恒瑞医药,500,允许,1,34%,0%,-,上海证券交易所,101
512050,华夏中证A500交易型开放式指数证券投资基金,2026-06-17,600309,万华化学,200,允许,1,34%,0%,-,上海证券交易所,101
512050,华夏中证A500交易型开放式指数证券投资基金,2026-06-17,600312,平高电气,100,允许,1,34%,0%,-,上海证券交易所,101
512050,华夏中证A500交易型开放式指数证券投资基金,2026-06-17,600316,洪都航空,100,允许,1,34%,0%,-,上海证券交易所,101
512050,华夏中证A500交易型开放式指数证券投资基金,2026-06-17,600323,瀚蓝环境,100,允许,1,34%,0%,-,上海证券交易所,101
512050,华夏中证A500交易型开放式指数证券投资基金,2026-06-17,600325,华发股份,300,允许,1,34%,0%,-,上海证券交易所,101
512050,华夏中证A500交易型开放式指数证券投资基金,2026-06-17,600332,白云山,100,允许,1,34%,0%,-,上海证券交易所,101
512050,华夏中证A500交易型开放式指数证券投资基金,2026-06-17,600346,恒力石化,300,允许,1,34%,0%,-,上海证券交易所,101
512050,华夏中证A500交易型开放式指数证券投资基金,2026-06-17,600352,浙江龙盛,300,允许,1,34%,0%,-,上海证券交易所,101
512050,华夏中证A500交易型开放式指数证券投资基金,2026-06-17,600362,江西铜业,100,允许,1,34%,0%,-,上海证券交易所,101
512050,华夏中证A500交易型开放式指数证券投资基金,2026-06-17,600372,中航机载,300,允许,1,34%,0%,-,上海证券交易所,101
512050,华夏中证A500交易型开放式指数证券投资基金,2026-06-17,600392,盛和资源,200,允许,1,34%,0%,-,上海证券交易所,101
512050,华夏中证A500交易型开放式指数证券投资基金,2026-06-17,600398,海澜之家,300,允许,1,34%,0%,-,上海证券交易所,101
512050,华夏中证A500交易型开放式指数证券投资基金,2026-06-17,600406,国电南瑞,500,允许,1,34%,0%,-,上海证券交易所,101
512050,华夏中证A500交易型开放式指数证券投资基金,2026-06-17,600415,小商品城,300,允许,1,34%,0%,-,上海证券交易所,101
512050,华夏中证A500交易型开放式指数证券投资基金,2026-06-17,600418,江淮汽车,200,允许,1,34%,0%,-,上海证券交易所,101
512050,华夏中证A500交易型开放式指数证券投资基金,2026-06-17,600426,华鲁恒升,200,允许,1,34%,0%,-,上海证券交易所,101
512050,华夏中证A500交易型开放式指数证券投资基金,2026-06-17,600436,片仔癀,0,必须,2,-,-,            0.000,上海证券交易所,101
512050,华夏中证A500交易型开放式指数证券投资基金,2026-06-17,600438,通威股份,300,允许,1,34%,0%,-,上海证券交易所,101
512050,华夏中证A500交易型开放式指数证券投资基金,2026-06-17,600460,士兰微,100,允许,1,34%,0%,-,上海证券交易所,101
512050,华夏中证A500交易型开放式指数证券投资基金,2026-06-17,600482,中国动力,100,允许,1,34%,0%,-,上海证券交易所,101
512050,华夏中证A500交易型开放式指数证券投资基金,2026-06-17,600486,扬农化工,0,必须,2,-,-,            0.000,上海证券交易所,101
512050,华夏中证A500交易型开放式指数证券投资基金,2026-06-17,600487,亨通光电,200,允许,1,34%,0%,-,上海证券交易所,101
512050,华夏中证A500交易型开放式指数证券投资基金,2026-06-17,600489,中金黄金,400,允许,1,34%,0%,-,上海证券交易所,101
512050,华夏中证A500交易型开放式指数证券投资基金,2026-06-17,600497,驰宏锌锗,400,允许,1,34%,0%,-,上海证券交易所,101
512050,华夏中证A500交易型开放式指数证券投资基金,2026-06-17,600499,科达制造,100,允许,1,34%,0%,-,上海证券交易所,101
512050,华夏中证A500交易型开放式指数证券投资基金,2026-06-17,600511,国药股份,100,允许,1,34%,0%,-,上海证券交易所,101
512050,华夏中证A500交易型开放式指数证券投资基金,2026-06-17,600515,海南机场,600,允许,1,34%,0%,-,上海证券交易所,101
512050,华夏中证A500交易型开放式指数证券投资基金,2026-06-17,600516,方大炭素,300,允许,1,34%,0%,-,上海证券交易所,101
512050,华夏中证A500交易型开放式指数证券投资基金,2026-06-17,600519,贵州茅台,100,允许,1,34%,0%,-,上海证券交易所,101
512050,华夏中证A500交易型开放式指数证券投资基金,2026-06-17,600521,华海药业,100,允许,1,34%,0%,-,上海证券交易所,101
512050,华夏中证A500交易型开放式指数证券投资基金,2026-06-17,600522,中天科技,300,允许,1,34%,0%,-,上海证券交易所,101
512050,华夏中证A500交易型开放式指数证券投资基金,2026-06-17,600529,山东药玻,100,允许,1,34%,0%,-,上海证券交易所,101
512050,华夏中证A500交易型开放式指数证券投资基金,2026-06-17,600535,天士力,100,允许,1,34%,0%,-,上海证券交易所,101
512050,华夏中证A500交易型开放式指数证券投资基金,2026-06-17,600547,山东黄金,200,允许,1,34%,0%,-,上海证券交易所,101
512050,华夏中证A500交易型开放式指数证券投资基金,2026-06-17,600549,厦门钨业,100,允许,1,34%,0%,-,上海证券交易所,101
512050,华夏中证A500交易型开放式指数证券投资基金,2026-06-17,600570,恒生电子,200,允许,1,34%,0%,-,上海证券交易所,101
512050,华夏中证A500交易型开放式指数证券投资基金,2026-06-17,600580,卧龙电驱,100,允许,1,34%,0%,-,上海证券交易所,101
512050,华夏中证A500交易型开放式指数证券投资基金,2026-06-17,600584,长电科技,200,允许,1,34%,0%,-,上海证券交易所,101
512050,华夏中证A500交易型开放式指数证券投资基金,2026-06-17,600585,海螺水泥,300,允许,1,34%,0%,-,上海证券交易所,101
512050,华夏中证A500交易型开放式指数证券投资基金,2026-06-17,600588,用友网络,200,允许,1,34%,0%,-,上海证券交易所,101
512050,华夏中证A500交易型开放式指数证券投资基金,2026-06-17,600635,大众公用,200,允许,1,34%,0%,-,上海证券交易所,101
512050,华夏中证A500交易型开放式指数证券投资基金,2026-06-17,600655,豫园股份,300,允许,1,34%,0%,-,上海证券交易所,101
512050,华夏中证A500交易型开放式指数证券投资基金,2026-06-17,600660,福耀玻璃,200,允许,1,34%,0%,-,上海证券交易所,101
512050,华夏中证A500交易型开放式指数证券投资基金,2026-06-17,600663,陆家嘴,200,允许,1,34%,0%,-,上海证券交易所,101
512050,华夏中证A500交易型开放式指数证券投资基金,2026-06-17,600667,太极实业,200,允许,1,34%,0%,-,上海证券交易所,101
512050,华夏中证A500交易型开放式指数证券投资基金,2026-06-17,600673,东阳光,200,允许,1,34%,0%,-,上海证券交易所,101
512050,华夏中证A500交易型开放式指数证券投资基金,2026-06-17,600674,川投能源,200,允许,1,34%,0%,-,上海证券交易所,101
512050,华夏中证A500交易型开放式指数证券投资基金,2026-06-17,600690,海尔智家,400,允许,1,34%,0%,-,上海证券交易所,101
512050,华夏中证A500交易型开放式指数证券投资基金,2026-06-17,600699,均胜电子,100,允许,1,34%,0%,-,上海证券交易所,101
512050,华夏中证A500交易型开放式指数证券投资基金,2026-06-17,600704,物产中大,400,允许,1,34%,0%,-,上海证券交易所,101
512050,华夏中证A500交易型开放式指数证券投资基金,2026-06-17,600711,盛屯矿业,400,允许,1,34%,0%,-,上海证券交易所,101
512050,华夏中证A500交易型开放式指数证券投资基金,2026-06-17,600741,华域汽车,200,允许,1,34%,0%,-,上海证券交易所,101
512050,华夏中证A500交易型开放式指数证券投资基金,2026-06-17,600754,锦江酒店,100,允许,1,34%,0%,-,上海证券交易所,101
512050,华夏中证A500交易型开放式指数证券投资基金,2026-06-17,600760,中航沈飞,100,允许,1,34%,0%,-,上海证券交易所,101
512050,华夏中证A500交易型开放式指数证券投资基金,2026-06-17,600763,通策医疗,0,必须,2,-,-,            0.000,上海证券交易所,101
512050,华夏中证A500交易型开放式指数证券投资基金,2026-06-17,600765,中航重机,100,允许,1,34%,0%,-,上海证券交易所,101
512050,华夏中证A500交易型开放式指数证券投资基金,2026-06-17,600795,国电电力,1100,允许,1,34%,0%,-,上海证券交易所,101
512050,华夏中证A500交易型开放式指数证券投资基金,2026-06-17,600803,新奥股份,100,允许,1,34%,0%,-,上海证券交易所,101
512050,华夏中证A500交易型开放式指数证券投资基金,2026-06-17,600816,建元信托,400,允许,1,34%,0%,-,上海证券交易所,101
512050,华夏中证A500交易型开放式指数证券投资基金,2026-06-17,600820,隧道股份,300,允许,1,34%,0%,-,上海证券交易所,101
512050,华夏中证A500交易型开放式指数证券投资基金,2026-06-17,600839,四川长虹,400,允许,1,34%,0%,-,上海证券交易所,101
512050,华夏中证A500交易型开放式指数证券投资基金,2026-06-17,600859,王府井,100,允许,1,34%,0%,-,上海证券交易所,101
512050,华夏中证A500交易型开放式指数证券投资基金,2026-06-17,600862,中航高科,100,允许,1,34%,0%,-,上海证券交易所,101
512050,华夏中证A500交易型开放式指数证券投资基金,2026-06-17,600864,哈投股份,100,允许,1,34%,0%,-,上海证券交易所,101
512050,华夏中证A500交易型开放式指数证券投资基金,2026-06-17,600875,东方电气,200,允许,1,34%,0%,-,上海证券交易所,101
512050,华夏中证A500交易型开放式指数证券投资基金,2026-06-17,600879,航天电子,300,允许,1,34%,0%,-,上海证券交易所,101
512050,华夏中证A500交易型开放式指数证券投资基金,2026-06-17,600885,宏发股份,100,允许,1,34%,0%,-,上海证券交易所,101
512050,华夏中证A500交易型开放式指数证券投资基金,2026-06-17,600886,国投电力,300,允许,1,34%,0%,-,上海证券交易所,101
512050,华夏中证A500交易型开放式指数证券投资基金,2026-06-17,600887,伊利股份,800,允许,1,34%,0%,-,上海证券交易所,101
512050,华夏中证A500交易型开放式指数证券投资基金,2026-06-17,600893,航发动力,200,允许,1,34%,0%,-,上海证券交易所,101
512050,华夏中证A500交易型开放式指数证券投资基金,2026-06-17,600895,张江高科,100,允许,1,34%,0%,-,上海证券交易所,101
512050,华夏中证A500交易型开放式指数证券投资基金,2026-06-17,600900,长江电力,1500,允许,1,34%,0%,-,上海证券交易所,101
512050,华夏中证A500交易型开放式指数证券投资基金,2026-06-17,600905,三峡能源,1800,允许,1,34%,0%,-,上海证券交易所,101
512050,华夏中证A500交易型开放式指数证券投资基金,2026-06-17,600938,中国海油,300,允许,1,34%,0%,-,上海证券交易所,101
512050,华夏中证A500交易型开放式指数证券投资基金,2026-06-17,600941,中国移动,100,允许,1,34%,0%,-,上海证券交易所,101
512050,华夏中证A500交易型开放式指数证券投资基金,2026-06-17,600988,赤峰黄金,200,允许,1,34%,0%,-,上海证券交易所,101
512050,华夏中证A500交易型开放式指数证券投资基金,2026-06-17,600989,宝丰能源,300,允许,1,34%,0%,-,上海证券交易所,101
512050,华夏中证A500交易型开放式指数证券投资基金,2026-06-17,600998,九州通,300,允许,1,34%,0%,-,上海证券交易所,101
512050,华夏中证A500交易型开放式指数证券投资基金,2026-06-17,601000,唐山港,400,允许,1,34%,0%,-,上海证券交易所,101
512050,华夏中证A500交易型开放式指数证券投资基金,2026-06-17,601006,大秦铁路,1500,允许,1,34%,0%,-,上海证券交易所,101
512050,华夏中证A500交易型开放式指数证券投资基金,2026-06-17,601012,隆基绿能,700,允许,1,34%,0%,-,上海证券交易所,101
512050,华夏中证A500交易型开放式指数证券投资基金,2026-06-17,601018,宁波港,500,允许,1,34%,0%,-,上海证券交易所,101
512050,华夏中证A500交易型开放式指数证券投资基金,2026-06-17,601021,春秋航空,100,允许,1,34%,0%,-,上海证券交易所,101
512050,华夏中证A500交易型开放式指数证券投资基金,2026-06-17,601058,赛轮轮胎,300,允许,1,34%,0%,-,上海证券交易所,101
512050,华夏中证A500交易型开放式指数证券投资基金,2026-06-17,601088,中国神华,300,允许,1,34%,0%,-,上海证券交易所,101
512050,华夏中证A500交易型开放式指数证券投资基金,2026-06-17,601100,恒立液压,100,允许,1,34%,0%,-,上海证券交易所,101
512050,华夏中证A500交易型开放式指数证券投资基金,2026-06-17,601111,中国国航,500,允许,1,34%,0%,-,上海证券交易所,101
512050,华夏中证A500交易型开放式指数证券投资基金,2026-06-17,601117,中国化学,500,允许,1,34%,0%,-,上海证券交易所,101
512050,华夏中证A500交易型开放式指数证券投资基金,2026-06-17,601127,赛力斯,100,允许,1,34%,0%,-,上海证券交易所,101
512050,华夏中证A500交易型开放式指数证券投资基金,2026-06-17,601155,新城控股,100,允许,1,34%,0%,-,上海证券交易所,101
512050,华夏中证A500交易型开放式指数证券投资基金,2026-06-17,601166,兴业银行,2100,允许,1,34%,0%,-,上海证券交易所,101
512050,华夏中证A500交易型开放式指数证券投资基金,2026-06-17,601168,西部矿业,200,允许,1,34%,0%,-,上海证券交易所,101
512050,华夏中证A500交易型开放式指数证券投资基金,2026-06-17,601179,中国西电,300,允许,1,34%,0%,-,上海证券交易所,101
512050,华夏中证A500交易型开放式指数证券投资基金,2026-06-17,601186,中国铁建,600,允许,1,34%,0%,-,上海证券交易所,101
512050,华夏中证A500交易型开放式指数证券投资基金,2026-06-17,601211,国泰海通,1400,允许,1,34%,0%,-,上海证券交易所,101
512050,华夏中证A500交易型开放式指数证券投资基金,2026-06-17,601216,君正集团,400,允许,1,34%,0%,-,上海证券交易所,101
512050,华夏中证A500交易型开放式指数证券投资基金,2026-06-17,601225,陕西煤业,500,允许,1,34%,0%,-,上海证券交易所,101
512050,华夏中证A500交易型开放式指数证券投资基金,2026-06-17,601233,桐昆股份,200,允许,1,34%,0%,-,上海证券交易所,101
512050,华夏中证A500交易型开放式指数证券投资基金,2026-06-17,601238,广汽集团,300,允许,1,34%,0%,-,上海证券交易所,101
512050,华夏中证A500交易型开放式指数证券投资基金,2026-06-17,601288,农业银行,3500,允许,1,34%,0%,-,上海证券交易所,101
512050,华夏中证A500交易型开放式指数证券投资基金,2026-06-17,601318,中国平安,1300,允许,1,34%,0%,-,上海证券交易所,101
512050,华夏中证A500交易型开放式指数证券投资基金,2026-06-17,601319,中国人保,400,允许,1,34%,0%,-,上海证券交易所,101
512050,华夏中证A500交易型开放式指数证券投资基金,2026-06-17,601328,交通银行,3200,允许,1,34%,0%,-,上海证券交易所,101
512050,华夏中证A500交易型开放式指数证券投资基金,2026-06-17,601360,三六零,400,允许,1,34%,0%,-,上海证券交易所,101
512050,华夏中证A500交易型开放式指数证券投资基金,2026-06-17,601390,中国中铁,1300,允许,1,34%,0%,-,上海证券交易所,101
512050,华夏中证A500交易型开放式指数证券投资基金,2026-06-17,601398,工商银行,4000,允许,1,34%,0%,-,上海证券交易所,101
512050,华夏中证A500交易型开放式指数证券投资基金,2026-06-17,601567,三星电气,100,允许,1,34%,0%,-,上海证券交易所,101
512050,华夏中证A500交易型开放式指数证券投资基金,2026-06-17,601600,中国铝业,1000,允许,1,34%,0%,-,上海证券交易所,101
512050,华夏中证A500交易型开放式指数证券投资基金,2026-06-17,601601,中国太保,400,允许,1,34%,0%,-,上海证券交易所,101
512050,华夏中证A500交易型开放式指数证券投资基金,2026-06-17,601607,上海医药,100,允许,1,34%,0%,-,上海证券交易所,101
512050,华夏中证A500交易型开放式指数证券投资基金,2026-06-17,601615,明阳智能,200,允许,1,34%,0%,-,上海证券交易所,101
512050,华夏中证A500交易型开放式指数证券投资基金,2026-06-17,601618,中国中冶,900,允许,1,34%,0%,-,上海证券交易所,101
512050,华夏中证A500交易型开放式指数证券投资基金,2026-06-17,601628,中国人寿,200,允许,1,34%,0%,-,上海证券交易所,101
512050,华夏中证A500交易型开放式指数证券投资基金,2026-06-17,601633,长城汽车,200,允许,1,34%,0%,-,上海证券交易所,101
512050,华夏中证A500交易型开放式指数证券投资基金,2026-06-17,601658,邮储银行,1300,允许,1,34%,0%,-,上海证券交易所,101
512050,华夏中证A500交易型开放式指数证券投资基金,2026-06-17,601668,中国建筑,2500,允许,1,34%,0%,-,上海证券交易所,101
512050,华夏中证A500交易型开放式指数证券投资基金,2026-06-17,601669,中国电建,1000,允许,1,34%,0%,-,上海证券交易所,101
512050,华夏中证A500交易型开放式指数证券投资基金,2026-06-17,601677,明泰铝业,100,允许,1,34%,0%,-,上海证券交易所,101
512050,华夏中证A500交易型开放式指数证券投资基金,2026-06-17,601689,拓普集团,100,允许,1,34%,0%,-,上海证券交易所,101
512050,华夏中证A500交易型开放式指数证券投资基金,2026-06-17,601727,上海电气,800,允许,1,34%,0%,-,上海证券交易所,101
512050,华夏中证A500交易型开放式指数证券投资基金,2026-06-17,601728,中国电信,1900,允许,1,34%,0%,-,上海证券交易所,101
512050,华夏中证A500交易型开放式指数证券投资基金,2026-06-17,601766,中国中车,1500,允许,1,34%,0%,-,上海证券交易所,101
512050,华夏中证A500交易型开放式指数证券投资基金,2026-06-17,601799,星宇股份,0,必须,2,-,-,            0.000,上海证券交易所,101
512050,华夏中证A500交易型开放式指数证券投资基金,2026-06-17,601800,中国交建,400,允许,1,34%,0%,-,上海证券交易所,101
512050,华夏中证A500交易型开放式指数证券投资基金,2026-06-17,601816,京沪高铁,3600,允许,1,34%,0%,-,上海证券交易所,101
512050,华夏中证A500交易型开放式指数证券投资基金,2026-06-17,601857,中国石油,1600,允许,1,34%,0%,-,上海证券交易所,101
512050,华夏中证A500交易型开放式指数证券投资基金,2026-06-17,601866,中远海发,500,允许,1,34%,0%,-,上海证券交易所,101
512050,华夏中证A500交易型开放式指数证券投资基金,2026-06-17,601868,中国能建,1700,允许,1,34%,0%,-,上海证券交易所,101
512050,华夏中证A500交易型开放式指数证券投资基金,2026-06-17,601872,招商轮船,400,允许,1,34%,0%,-,上海证券交易所,101
512050,华夏中证A500交易型开放式指数证券投资基金,2026-06-17,601877,正泰电器,100,允许,1,34%,0%,-,上海证券交易所,101
512050,华夏中证A500交易型开放式指数证券投资基金,2026-06-17,601880,辽港股份,1000,允许,1,34%,0%,-,上海证券交易所,101
512050,华夏中证A500交易型开放式指数证券投资基金,2026-06-17,601888,中国中免,100,允许,1,34%,0%,-,上海证券交易所,101
512050,华夏中证A500交易型开放式指数证券投资基金,2026-06-17,601899,紫金矿业,2000,允许,1,34%,0%,-,上海证券交易所,101
512050,华夏中证A500交易型开放式指数证券投资基金,2026-06-17,601919,中远海控,800,允许,1,34%,0%,-,上海证券交易所,101
512050,华夏中证A500交易型开放式指数证券投资基金,2026-06-17,601985,中国核电,1000,允许,1,34%,0%,-,上海证券交易所,101
512050,华夏中证A500交易型开放式指数证券投资基金,2026-06-17,601988,中国银行,1700,允许,1,34%,0%,-,上海证券交易所,101
512050,华夏中证A500交易型开放式指数证券投资基金,2026-06-17,603019,中科曙光,200,允许,1,34%,0%,-,上海证券交易所,101
512050,华夏中证A500交易型开放式指数证券投资基金,2026-06-17,603087,甘李药业,100,允许,1,34%,0%,-,上海证券交易所,101
512050,华夏中证A500交易型开放式指数证券投资基金,2026-06-17,603129,春风动力,0,必须,2,-,-,            0.000,上海证券交易所,101
512050,华夏中证A500交易型开放式指数证券投资基金,2026-06-17,603259,药明康德,300,允许,1,34%,0%,-,上海证券交易所,101
512050,华夏中证A500交易型开放式指数证券投资基金,2026-06-17,603260,合盛硅业,46,必须,2,-,-,         2347.380,上海证券交易所,101
512050,华夏中证A500交易型开放式指数证券投资基金,2026-06-17,603288,海天味业,200,允许,1,34%,0%,-,上海证券交易所,101
512050,华夏中证A500交易型开放式指数证券投资基金,2026-06-17,603392,万泰生物,0,必须,2,-,-,            0.000,上海证券交易所,101
512050,华夏中证A500交易型开放式指数证券投资基金,2026-06-17,603486,科沃斯,0,必须,2,-,-,            0.000,上海证券交易所,101
512050,华夏中证A500交易型开放式指数证券投资基金,2026-06-17,603501,豪威集团,100,允许,1,34%,0%,-,上海证券交易所,101
512050,华夏中证A500交易型开放式指数证券投资基金,2026-06-17,603568,伟明环保,100,允许,1,34%,0%,-,上海证券交易所,101
512050,华夏中证A500交易型开放式指数证券投资基金,2026-06-17,603596,伯特利,100,允许,1,34%,0%,-,上海证券交易所,101
512050,华夏中证A500交易型开放式指数证券投资基金,2026-06-17,603605,珀莱雅,0,必须,2,-,-,            0.000,上海证券交易所,101
512050,华夏中证A500交易型开放式指数证券投资基金,2026-06-17,603606,东方电缆,100,允许,1,34%,0%,-,上海证券交易所,101
512050,华夏中证A500交易型开放式指数证券投资基金,2026-06-17,603650,彤程新材,0,必须,2,-,-,            0.000,上海证券交易所,101
512050,华夏中证A500交易型开放式指数证券投资基金,2026-06-17,603659,璞泰来,100,允许,1,34%,0%,-,上海证券交易所,101
512050,华夏中证A500交易型开放式指数证券投资基金,2026-06-17,603766,隆鑫通用,100,允许,1,34%,0%,-,上海证券交易所,101
512050,华夏中证A500交易型开放式指数证券投资基金,2026-06-17,603799,华友钴业,200,允许,1,34%,0%,-,上海证券交易所,101
512050,华夏中证A500交易型开放式指数证券投资基金,2026-06-17,603806,福斯特,100,允许,1,34%,0%,-,上海证券交易所,101
512050,华夏中证A500交易型开放式指数证券投资基金,2026-06-17,603816,顾家家居,100,允许,1,34%,0%,-,上海证券交易所,101
512050,华夏中证A500交易型开放式指数证券投资基金,2026-06-17,603833,欧派家居,0,必须,2,-,-,            0.000,上海证券交易所,101
512050,华夏中证A500交易型开放式指数证券投资基金,2026-06-17,603885,吉祥航空,100,允许,1,34%,0%,-,上海证券交易所,101
512050,华夏中证A500交易型开放式指数证券投资基金,2026-06-17,603899,晨光股份,100,允许,1,34%,0%,-,上海证券交易所,101
512050,华夏中证A500交易型开放式指数证券投资基金,2026-06-17,603939,益丰药房,100,允许,1,34%,0%,-,上海证券交易所,101
512050,华夏中证A500交易型开放式指数证券投资基金,2026-06-17,603979,金诚信,100,允许,1,34%,0%,-,上海证券交易所,101
512050,华夏中证A500交易型开放式指数证券投资基金,2026-06-17,603986,兆易创新,100,允许,1,34%,0%,-,上海证券交易所,101
512050,华夏中证A500交易型开放式指数证券投资基金,2026-06-17,603993,洛阳钼业,1100,允许,1,34%,0%,-,上海证券交易所,101
512050,华夏中证A500交易型开放式指数证券投资基金,2026-06-17,605090,九丰能源,100,允许,1,34%,0%,-,上海证券交易所,101
512050,华夏中证A500交易型开放式指数证券投资基金,2026-06-17,605117,德业股份,100,允许,1,34%,0%,-,上海证券交易所,101
512050,华夏中证A500交易型开放式指数证券投资基金,2026-06-17,605499,东鹏饮料,0,必须,2,-,-,            0.000,上海证券交易所,101
512050,华夏中证A500交易型开放式指数证券投资基金,2026-06-17,605589,圣泉集团,100,允许,1,34%,0%,-,上海证券交易所,101
512050,华夏中证A500交易型开放式指数证券投资基金,2026-06-17,688002,睿创微纳,0,必须,2,-,-,            0.000,上海证券交易所,101
512050,华夏中证A500交易型开放式指数证券投资基金,2026-06-17,688005,容百科技,0,必须,2,-,-,            0.000,上海证券交易所,101
512050,华夏中证A500交易型开放式指数证券投资基金,2026-06-17,688008,澜起科技,200,允许,1,73%,0%,-,上海证券交易所,101
512050,华夏中证A500交易型开放式指数证券投资基金,2026-06-17,688009,中国通号,311,允许,1,73%,0%,-,上海证券交易所,101
512050,华夏中证A500交易型开放式指数证券投资基金,2026-06-17,688012,中微公司,91,必须,2,-,-,        29029.000,上海证券交易所,101
512050,华夏中证A500交易型开放式指数证券投资基金,2026-06-17,688017,绿的谐波,0,必须,2,-,-,            0.000,上海证券交易所,101
512050,华夏中证A500交易型开放式指数证券投资基金,2026-06-17,688036,传音控股,200,允许,1,73%,0%,-,上海证券交易所,101
512050,华夏中证A500交易型开放式指数证券投资基金,2026-06-17,688041,海光信息,200,允许,1,73%,0%,-,上海证券交易所,101
512050,华夏中证A500交易型开放式指数证券投资基金,2026-06-17,688047,龙芯中科,0,必须,2,-,-,            0.000,上海证券交易所,101
512050,华夏中证A500交易型开放式指数证券投资基金,2026-06-17,688063,派能科技,0,必须,2,-,-,            0.000,上海证券交易所,101
512050,华夏中证A500交易型开放式指数证券投资基金,2026-06-17,688065,凯赛生物,0,必须,2,-,-,            0.000,上海证券交易所,101
512050,华夏中证A500交易型开放式指数证券投资基金,2026-06-17,688072,拓荆科技,0,必须,2,-,-,            0.000,上海证券交易所,101
512050,华夏中证A500交易型开放式指数证券投资基金,2026-06-17,688099,晶晨股份,0,必须,2,-,-,            0.000,上海证券交易所,101
512050,华夏中证A500交易型开放式指数证券投资基金,2026-06-17,688111,金山办公,0,必须,2,-,-,            0.000,上海证券交易所,101
512050,华夏中证A500交易型开放式指数证券投资基金,2026-06-17,688114,华大智造,0,必须,2,-,-,            0.000,上海证券交易所,101
512050,华夏中证A500交易型开放式指数证券投资基金,2026-06-17,688116,天奈科技,0,必须,2,-,-,            0.000,上海证券交易所,101
512050,华夏中证A500交易型开放式指数证券投资基金,2026-06-17,688120,华海清科,0,必须,2,-,-,            0.000,上海证券交易所,101
512050,华夏中证A500交易型开放式指数证券投资基金,2026-06-17,688122,西部超导,0,必须,2,-,-,            0.000,上海证券交易所,101
512050,华夏中证A500交易型开放式指数证券投资基金,2026-06-17,688126,沪硅产业,200,允许,1,73%,0%,-,上海证券交易所,101
512050,华夏中证A500交易型开放式指数证券投资基金,2026-06-17,688166,博瑞医药,0,必须,2,-,-,            0.000,上海证券交易所,101
512050,华夏中证A500交易型开放式指数证券投资基金,2026-06-17,688169,石头科技,0,必须,2,-,-,            0.000,上海证券交易所,101
512050,华夏中证A500交易型开放式指数证券投资基金,2026-06-17,688180,君实生物,200,允许,1,73%,0%,-,上海证券交易所,101
512050,华夏中证A500交易型开放式指数证券投资基金,2026-06-17,688188,柏楚电子,0,必须,2,-,-,            0.000,上海证券交易所,101
512050,华夏中证A500交易型开放式指数证券投资基金,2026-06-17,688213,思特威,0,必须,2,-,-,            0.000,上海证券交易所,101
512050,华夏中证A500交易型开放式指数证券投资基金,2026-06-17,688223,晶科能源,513,允许,1,73%,0%,-,上海证券交易所,101
512050,华夏中证A500交易型开放式指数证券投资基金,2026-06-17,688235,百济神州,0,必须,2,-,-,            0.000,上海证券交易所,101
512050,华夏中证A500交易型开放式指数证券投资基金,2026-06-17,688256,寒武纪,0,必须,2,-,-,            0.000,上海证券交易所,101
512050,华夏中证A500交易型开放式指数证券投资基金,2026-06-17,688266,泽璟制药,0,必须,2,-,-,            0.000,上海证券交易所,101
512050,华夏中证A500交易型开放式指数证券投资基金,2026-06-17,688271,联影医疗,0,必须,2,-,-,            0.000,上海证券交易所,101
512050,华夏中证A500交易型开放式指数证券投资基金,2026-06-17,688303,大全能源,200,允许,1,73%,0%,-,上海证券交易所,101
512050,华夏中证A500交易型开放式指数证券投资基金,2026-06-17,688331,荣昌生物,0,必须,2,-,-,            0.000,上海证券交易所,101
512050,华夏中证A500交易型开放式指数证券投资基金,2026-06-17,688347,华虹宏力,0,必须,2,-,-,            0.000,上海证券交易所,101
512050,华夏中证A500交易型开放式指数证券投资基金,2026-06-17,688390,固德威,0,必须,2,-,-,            0.000,上海证券交易所,101
512050,华夏中证A500交易型开放式指数证券投资基金,2026-06-17,688396,华润微,200,允许,1,73%,0%,-,上海证券交易所,101
512050,华夏中证A500交易型开放式指数证券投资基金,2026-06-17,688469,芯联集成,632,允许,1,73%,0%,-,上海证券交易所,101
512050,华夏中证A500交易型开放式指数证券投资基金,2026-06-17,688472,阿特斯,200,允许,1,73%,0%,-,上海证券交易所,101
512050,华夏中证A500交易型开放式指数证券投资基金,2026-06-17,688498,源杰科技,0,必须,2,-,-,            0.000,上海证券交易所,101
512050,华夏中证A500交易型开放式指数证券投资基金,2026-06-17,688506,百利天恒,0,必须,2,-,-,            0.000,上海证券交易所,101
512050,华夏中证A500交易型开放式指数证券投资基金,2026-06-17,688521,芯原股份,0,必须,2,-,-,            0.000,上海证券交易所,101
512050,华夏中证A500交易型开放式指数证券投资基金,2026-06-17,688525,佰维存储,0,必须,2,-,-,            0.000,上海证券交易所,101
512050,华夏中证A500交易型开放式指数证券投资基金,2026-06-17,688578,艾力斯,0,必须,2,-,-,            0.000,上海证券交易所,101
512050,华夏中证A500交易型开放式指数证券投资基金,2026-06-17,688599,天合光能,200,允许,1,73%,0%,-,上海证券交易所,101
512050,华夏中证A500交易型开放式指数证券投资基金,2026-06-17,688608,恒玄科技,0,必须,2,-,-,            0.000,上海证券交易所,101
512050,华夏中证A500交易型开放式指数证券投资基金,2026-06-17,688617,惠泰医疗,0,必须,2,-,-,            0.000,上海证券交易所,101
512050,华夏中证A500交易型开放式指数证券投资基金,2026-06-17,688676,金盘科技,0,必须,2,-,-,            0.000,上海证券交易所,101
512050,华夏中证A500交易型开放式指数证券投资基金,2026-06-17,688777,中控技术,200,允许,1,73%,0%,-,上海证券交易所,101
512050,华夏中证A500交易型开放式指数证券投资基金,2026-06-17,688981,中芯国际,244,允许,1,73%,0%,-,上海证券交易所,101
530000,天弘上证50交易型开放式指数证券投资基金,2026-06-17,600028,中国石化,2100,允许,1,34%,0%,-,上海证券交易所,101
530000,天弘上证50交易型开放式指数证券投资基金,2026-06-17,600030,中信证券,1400,允许,1,34%,0%,-,上海证券交易所,101
530000,天弘上证50交易型开放式指数证券投资基金,2026-06-17,600031,三一重工,900,允许,1,34%,0%,-,上海证券交易所,101
530000,天弘上证50交易型开放式指数证券投资基金,2026-06-17,600036,招商银行,1800,允许,1,34%,0%,-,上海证券交易所,101
530000,天弘上证50交易型开放式指数证券投资基金,2026-06-17,600050,中国联通,2300,允许,1,34%,0%,-,上海证券交易所,101
530000,天弘上证50交易型开放式指数证券投资基金,2026-06-17,600089,特变电工,700,允许,1,34%,0%,-,上海证券交易所,101
530000,天弘上证50交易型开放式指数证券投资基金,2026-06-17,600111,北方稀土,400,允许,1,34%,0%,-,上海证券交易所,101
530000,天弘上证50交易型开放式指数证券投资基金,2026-06-17,600150,中国船舶,700,允许,1,34%,0%,-,上海证券交易所,101
530000,天弘上证50交易型开放式指数证券投资基金,2026-06-17,600183,生益科技,200,允许,1,34%,0%,-,上海证券交易所,101
530000,天弘上证50交易型开放式指数证券投资基金,2026-06-17,600276,恒瑞医药,600,允许,1,34%,0%,-,上海证券交易所,101
530000,天弘上证50交易型开放式指数证券投资基金,2026-06-17,600309,万华化学,300,允许,1,34%,0%,-,上海证券交易所,101
530000,天弘上证50交易型开放式指数证券投资基金,2026-06-17,600406,国电南瑞,600,允许,1,34%,0%,-,上海证券交易所,101
530000,天弘上证50交易型开放式指数证券投资基金,2026-06-17,600519,贵州茅台,100,允许,1,34%,0%,-,上海证券交易所,101
530000,天弘上证50交易型开放式指数证券投资基金,2026-06-17,600760,中航沈飞,200,允许,1,34%,0%,-,上海证券交易所,101
530000,天弘上证50交易型开放式指数证券投资基金,2026-06-17,600809,山西汾酒,100,允许,1,34%,0%,-,上海证券交易所,101
530000,天弘上证50交易型开放式指数证券投资基金,2026-06-17,600887,伊利股份,900,允许,1,34%,0%,-,上海证券交易所,101
530000,天弘上证50交易型开放式指数证券投资基金,2026-06-17,600900,长江电力,1800,允许,1,34%,0%,-,上海证券交易所,101
530000,天弘上证50交易型开放式指数证券投资基金,2026-06-17,600930,华电新能,500,允许,1,34%,0%,-,上海证券交易所,101
530000,天弘上证50交易型开放式指数证券投资基金,2026-06-17,601012,隆基绿能,900,允许,1,34%,0%,-,上海证券交易所,101
530000,天弘上证50交易型开放式指数证券投资基金,2026-06-17,601088,中国神华,400,允许,1,34%,0%,-,上海证券交易所,101
530000,天弘上证50交易型开放式指数证券投资基金,2026-06-17,601127,赛力斯,100,允许,1,34%,0%,-,上海证券交易所,101
530000,天弘上证50交易型开放式指数证券投资基金,2026-06-17,601166,兴业银行,2500,允许,1,34%,0%,-,上海证券交易所,101
530000,天弘上证50交易型开放式指数证券投资基金,2026-06-17,601211,国泰海通,1600,允许,1,34%,0%,-,上海证券交易所,101
530000,天弘上证50交易型开放式指数证券投资基金,2026-06-17,601288,农业银行,4200,允许,1,34%,0%,-,上海证券交易所,101
530000,天弘上证50交易型开放式指数证券投资基金,2026-06-17,601318,中国平安,1500,允许,1,34%,0%,-,上海证券交易所,101
530000,天弘上证50交易型开放式指数证券投资基金,2026-06-17,601328,交通银行,3900,允许,1,34%,0%,-,上海证券交易所,101
530000,天弘上证50交易型开放式指数证券投资基金,2026-06-17,601398,工商银行,4700,允许,1,34%,0%,-,上海证券交易所,101
530000,天弘上证50交易型开放式指数证券投资基金,2026-06-17,601600,中国铝业,1100,允许,1,34%,0%,-,上海证券交易所,101
530000,天弘上证50交易型开放式指数证券投资基金,2026-06-17,601601,中国太保,500,允许,1,34%,0%,-,上海证券交易所,101
530000,天弘上证50交易型开放式指数证券投资基金,2026-06-17,601628,中国人寿,200,允许,1,34%,0%,-,上海证券交易所,101
530000,天弘上证50交易型开放式指数证券投资基金,2026-06-17,601658,邮储银行,1600,允许,1,34%,0%,-,上海证券交易所,101
530000,天弘上证50交易型开放式指数证券投资基金,2026-06-17,601668,中国建筑,3000,允许,1,34%,0%,-,上海证券交易所,101
530000,天弘上证50交易型开放式指数证券投资基金,2026-06-17,601688,华泰证券,800,允许,1,34%,0%,-,上海证券交易所,101
530000,天弘上证50交易型开放式指数证券投资基金,2026-06-17,601728,中国电信,2300,允许,1,34%,0%,-,上海证券交易所,101
530000,天弘上证50交易型开放式指数证券投资基金,2026-06-17,601857,中国石油,1900,允许,1,34%,0%,-,上海证券交易所,101
530000,天弘上证50交易型开放式指数证券投资基金,2026-06-17,601888,中国中免,100,允许,1,34%,0%,-,上海证券交易所,101
530000,天弘上证50交易型开放式指数证券投资基金,2026-06-17,601899,紫金矿业,2400,允许,1,34%,0%,-,上海证券交易所,101
530000,天弘上证50交易型开放式指数证券投资基金,2026-06-17,601919,中远海控,900,允许,1,34%,0%,-,上海证券交易所,101
530000,天弘上证50交易型开放式指数证券投资基金,2026-06-17,601988,中国银行,2100,允许,1,34%,0%,-,上海证券交易所,101
530000,天弘上证50交易型开放式指数证券投资基金,2026-06-17,603019,中科曙光,200,允许,1,34%,0%,-,上海证券交易所,101
530000,天弘上证50交易型开放式指数证券投资基金,2026-06-17,603259,药明康德,400,允许,1,34%,0%,-,上海证券交易所,101
530000,天弘上证50交易型开放式指数证券投资基金,2026-06-17,603501,豪威集团,100,允许,1,34%,0%,-,上海证券交易所,101
530000,天弘上证50交易型开放式指数证券投资基金,2026-06-17,603986,兆易创新,100,允许,1,34%,0%,-,上海证券交易所,101
530000,天弘上证50交易型开放式指数证券投资基金,2026-06-17,603993,洛阳钼业,1300,允许,1,34%,0%,-,上海证券交易所,101
530000,天弘上证50交易型开放式指数证券投资基金,2026-06-17,688008,澜起科技,200,允许,1,73%,0%,-,上海证券交易所,101
530000,天弘上证50交易型开放式指数证券投资基金,2026-06-17,688012,中微公司,200,允许,1,73%,0%,-,上海证券交易所,101
530000,天弘上证50交易型开放式指数证券投资基金,2026-06-17,688041,海光信息,200,允许,1,73%,0%,-,上海证券交易所,101
530000,天弘上证50交易型开放式指数证券投资基金,2026-06-17,688111,金山办公,0,必须,2,-,-,            0.000,上海证券交易所,101
530000,天弘上证50交易型开放式指数证券投资基金,2026-06-17,688256,寒武纪,0,必须,2,-,-,            0.000,上海证券交易所,101
530000,天弘上证50交易型开放式指数证券投资基金,2026-06-17,688981,中芯国际,300,允许,1,73%,0%,-,上海证券交易所,101
530050,东财上证50交易型开放式指数证券投资基金,2026-06-17,600028,中国石化,1800,允许,1,34%,0%,-,上海证券交易所,101
530050,东财上证50交易型开放式指数证券投资基金,2026-06-17,600030,中信证券,1200,允许,1,34%,0%,-,上海证券交易所,101
530050,东财上证50交易型开放式指数证券投资基金,2026-06-17,600031,三一重工,700,允许,1,34%,0%,-,上海证券交易所,101
530050,东财上证50交易型开放式指数证券投资基金,2026-06-17,600036,招商银行,1500,允许,1,34%,0%,-,上海证券交易所,101
530050,东财上证50交易型开放式指数证券投资基金,2026-06-17,600050,中国联通,1900,允许,1,34%,0%,-,上海证券交易所,101
530050,东财上证50交易型开放式指数证券投资基金,2026-06-17,600089,特变电工,600,允许,1,34%,0%,-,上海证券交易所,101
530050,东财上证50交易型开放式指数证券投资基金,2026-06-17,600111,北方稀土,300,允许,1,34%,0%,-,上海证券交易所,101
530050,东财上证50交易型开放式指数证券投资基金,2026-06-17,600150,中国船舶,600,允许,1,34%,0%,-,上海证券交易所,101
530050,东财上证50交易型开放式指数证券投资基金,2026-06-17,600183,生益科技,200,允许,1,34%,0%,-,上海证券交易所,101
530050,东财上证50交易型开放式指数证券投资基金,2026-06-17,600276,恒瑞医药,600,允许,1,34%,0%,-,上海证券交易所,101
530050,东财上证50交易型开放式指数证券投资基金,2026-06-17,600309,万华化学,200,允许,1,34%,0%,-,上海证券交易所,101
530050,东财上证50交易型开放式指数证券投资基金,2026-06-17,600406,国电南瑞,500,允许,1,34%,0%,-,上海证券交易所,101
530050,东财上证50交易型开放式指数证券投资基金,2026-06-17,600519,贵州茅台,100,允许,1,34%,0%,-,上海证券交易所,101
530050,东财上证50交易型开放式指数证券投资基金,2026-06-17,600760,中航沈飞,100,允许,1,34%,0%,-,上海证券交易所,101
530050,东财上证50交易型开放式指数证券投资基金,2026-06-17,600809,山西汾酒,100,允许,1,34%,0%,-,上海证券交易所,101
530050,东财上证50交易型开放式指数证券投资基金,2026-06-17,600887,伊利股份,800,允许,1,34%,0%,-,上海证券交易所,101
530050,东财上证50交易型开放式指数证券投资基金,2026-06-17,600900,长江电力,1500,允许,1,34%,0%,-,上海证券交易所,101
530050,东财上证50交易型开放式指数证券投资基金,2026-06-17,600930,华电新能,400,允许,1,34%,0%,-,上海证券交易所,101
530050,东财上证50交易型开放式指数证券投资基金,2026-06-17,601012,隆基绿能,800,允许,1,34%,0%,-,上海证券交易所,101
530050,东财上证50交易型开放式指数证券投资基金,2026-06-17,601088,中国神华,300,允许,1,34%,0%,-,上海证券交易所,101
530050,东财上证50交易型开放式指数证券投资基金,2026-06-17,601127,赛力斯,100,允许,1,34%,0%,-,上海证券交易所,101
530050,东财上证50交易型开放式指数证券投资基金,2026-06-17,601166,兴业银行,2100,允许,1,34%,0%,-,上海证券交易所,101
530050,东财上证50交易型开放式指数证券投资基金,2026-06-17,601211,国泰海通,1400,允许,1,34%,0%,-,上海证券交易所,101
530050,东财上证50交易型开放式指数证券投资基金,2026-06-17,601288,农业银行,3600,允许,1,34%,0%,-,上海证券交易所,101
530050,东财上证50交易型开放式指数证券投资基金,2026-06-17,601318,中国平安,1300,允许,1,34%,0%,-,上海证券交易所,101
530050,东财上证50交易型开放式指数证券投资基金,2026-06-17,601328,交通银行,3300,允许,1,34%,0%,-,上海证券交易所,101
530050,东财上证50交易型开放式指数证券投资基金,2026-06-17,601398,工商银行,4000,允许,1,34%,0%,-,上海证券交易所,101
530050,东财上证50交易型开放式指数证券投资基金,2026-06-17,601600,中国铝业,1000,允许,1,34%,0%,-,上海证券交易所,101
530050,东财上证50交易型开放式指数证券投资基金,2026-06-17,601601,中国太保,400,允许,1,34%,0%,-,上海证券交易所,101
530050,东财上证50交易型开放式指数证券投资基金,2026-06-17,601628,中国人寿,200,允许,1,34%,0%,-,上海证券交易所,101
530050,东财上证50交易型开放式指数证券投资基金,2026-06-17,601658,邮储银行,1400,允许,1,34%,0%,-,上海证券交易所,101
530050,东财上证50交易型开放式指数证券投资基金,2026-06-17,601668,中国建筑,2600,允许,1,34%,0%,-,上海证券交易所,101
530050,东财上证50交易型开放式指数证券投资基金,2026-06-17,601688,华泰证券,700,允许,1,34%,0%,-,上海证券交易所,101
530050,东财上证50交易型开放式指数证券投资基金,2026-06-17,601728,中国电信,1900,允许,1,34%,0%,-,上海证券交易所,101
530050,东财上证50交易型开放式指数证券投资基金,2026-06-17,601857,中国石油,1600,允许,1,34%,0%,-,上海证券交易所,101
530050,东财上证50交易型开放式指数证券投资基金,2026-06-17,601888,中国中免,100,允许,1,34%,0%,-,上海证券交易所,101
530050,东财上证50交易型开放式指数证券投资基金,2026-06-17,601899,紫金矿业,2000,允许,1,34%,0%,-,上海证券交易所,101
530050,东财上证50交易型开放式指数证券投资基金,2026-06-17,601919,中远海控,800,允许,1,34%,0%,-,上海证券交易所,101
530050,东财上证50交易型开放式指数证券投资基金,2026-06-17,601988,中国银行,1800,允许,1,34%,0%,-,上海证券交易所,101
530050,东财上证50交易型开放式指数证券投资基金,2026-06-17,603019,中科曙光,200,允许,1,34%,0%,-,上海证券交易所,101
530050,东财上证50交易型开放式指数证券投资基金,2026-06-17,603259,药明康德,300,允许,1,34%,0%,-,上海证券交易所,101
530050,东财上证50交易型开放式指数证券投资基金,2026-06-17,603501,豪威集团,100,允许,1,34%,0%,-,上海证券交易所,101
530050,东财上证50交易型开放式指数证券投资基金,2026-06-17,603986,兆易创新,100,允许,1,34%,0%,-,上海证券交易所,101
530050,东财上证50交易型开放式指数证券投资基金,2026-06-17,603993,洛阳钼业,1100,允许,1,34%,0%,-,上海证券交易所,101
530050,东财上证50交易型开放式指数证券投资基金,2026-06-17,688008,澜起科技,200,允许,1,73%,0%,-,上海证券交易所,101
530050,东财上证50交易型开放式指数证券投资基金,2026-06-17,688012,中微公司,0,必须,2,-,-,            0.000,上海证券交易所,101
530050,东财上证50交易型开放式指数证券投资基金,2026-06-17,688041,海光信息,200,允许,1,73%,0%,-,上海证券交易所,101
530050,东财上证50交易型开放式指数证券投资基金,2026-06-17,688111,金山办公,0,必须,2,-,-,            0.000,上海证券交易所,101
530050,东财上证50交易型开放式指数证券投资基金,2026-06-17,688256,寒武纪,0,必须,2,-,-,            0.000,上海证券交易所,101
530050,东财上证50交易型开放式指数证券投资基金,2026-06-17,688981,中芯国际,248,允许,1,73%,0%,-,上海证券交易所,101
